Unicode,Emoji,Description,Year,Nature,Annotations
U+1F600,ğŸ˜€,grinning face,2012,emoji,face;Â grin;Â person
U+1F601,ğŸ˜,grinning face with smiling eyes,2010,emoji,eye;Â face;Â grin;Â person;Â smile
U+1F602,ğŸ˜‚,face with tears of joy,2010,emoji,face;Â joy;Â person;Â tear
U+1F603,ğŸ˜ƒ,smiling face with open mouth,2010,emoji,face;Â mouth;Â open;Â person;Â smile
U+1F604,ğŸ˜„,smiling face with open mouth and smiling eyes,2010,emoji,eye;Â face;Â mouth;Â open;Â person;Â smile
U+1F605,ğŸ˜…,smiling face with open mouth and cold sweat,2010,emoji,cold;Â face;Â open;Â person;Â smile;Â sweat
U+1F606,ğŸ˜†,smiling face with open mouth and tightly-closed eyes,2010,emoji,face;Â laugh;Â mouth;Â open;Â person;Â satisfied;Â smile
U+1F609,ğŸ˜‰,winking face,2010,emoji,face;Â person;Â wink
U+1F60A,ğŸ˜Š,smiling face with smiling eyes,2010,emoji,blush;Â eye;Â face;Â person;Â smile
U+1F60B,ğŸ˜‹,face savouring delicious food,2010,emoji,delicious;Â face;Â food;Â person;Â savouring;Â smile;Â um;Â yum
U+1F60E,ğŸ˜,smiling face with sunglasses,2010,emoji,bright;Â cool;Â eye;Â eyewear;Â face;Â glasses;Â person;Â smile;Â sun;sunglasses;Â weather
U+1F60D,ğŸ˜,smiling face with heart-shaped eyes,2010,emoji,eye;Â face;Â heart;Â love;Â person;Â smile
U+1F618,ğŸ˜˜,face throwing a kiss,2010,emoji,face;Â heart;Â kiss;Â person
U+1F617,ğŸ˜—,kissing face,2012,emoji,face;Â kiss;Â person
U+1F619,ğŸ˜™,kissing face with smiling eyes,2012,emoji,eye;Â face;Â kiss;Â person;Â smile
U+1F61A,ğŸ˜š,kissing face with closed eyes,2010,emoji,closed;Â eye;Â face;Â kiss;Â person
U+263A,â˜ºï¸,white smiling face,1995,text,face;Â outlined;Â person;Â relaxed;Â smile
U+1F607,ğŸ˜‡,smiling face with halo,2010,emoji,angel;Â face;Â fairy tale;Â fantasy;Â halo;Â innocent;Â person;Â smile
U+1F610,ğŸ˜,neutral face,2010,emoji,deadpan;Â face;Â neutral;Â person
U+1F611,ğŸ˜‘,expressionless face,2012,emoji,expressionless;Â face;Â inexpressive;Â person;Â unexpressive
U+1F636,ğŸ˜¶,face without mouth,2010,emoji,face;Â mouth;Â person;Â quiet;Â silent
U+1F60F,ğŸ˜,smirking face,2010,emoji,face;Â person;Â smirk
U+1F623,ğŸ˜£,persevering face,2010,emoji,face;Â persevere;Â person
U+1F625,ğŸ˜¥,disappointed but relieved face,2010,emoji,disappointed;Â face;Â person;Â relieved;Â whew
U+1F62E,ğŸ˜®,face with open mouth,2012,emoji,face;Â mouth;Â open;Â person;Â sympathy
U+1F62F,ğŸ˜¯,hushed face,2012,emoji,face;Â hushed;Â person;Â stunned;Â surprised
U+1F62A,ğŸ˜ª,sleepy face,2010,emoji,face;Â person;Â sleep
U+1F62B,ğŸ˜«,tired face,2010,emoji,face;Â person;Â tired
U+1F634,ğŸ˜´,sleeping face,2012,emoji,face;Â person;Â sleep;Â zzz
U+1F60C,ğŸ˜Œ,relieved face,2010,emoji,face;Â person;Â relieved
U+1F61B,ğŸ˜›,face with stuck-out tongue,2012,emoji,face;Â person;Â tongue
U+1F61C,ğŸ˜œ,face with stuck-out tongue and winking eye,2010,emoji,eye;Â face;Â joke;Â person;Â tongue;Â wink
U+1F61D,ğŸ˜,face with stuck-out tongue and tightly-closed eyes,2010,emoji,eye;Â face;Â horrible;Â person;Â taste;Â tongue
U+1F612,ğŸ˜’,unamused face,2010,emoji,face;Â person;Â unamused;Â unhappy
U+1F613,ğŸ˜“,face with cold sweat,2010,emoji,cold;Â face;Â person;Â sweat
U+1F614,ğŸ˜”,pensive face,2010,emoji,dejected;Â face;Â pensive;Â person
U+1F615,ğŸ˜•,confused face,2012,emoji,confused;Â face;Â person
U+1F616,ğŸ˜–,confounded face,2010,emoji,confounded;Â face;Â person
U+1F637,ğŸ˜·,face with medical mask,2010,emoji,cold;Â doctor;Â face;Â mask;Â medicine;Â person;Â sick
U+1F632,ğŸ˜²,astonished face,2010,emoji,astonished;Â face;Â person;Â shocked;Â totally
U+1F61E,ğŸ˜,disappointed face,2010,emoji,disappointed;Â face;Â person
U+1F61F,ğŸ˜Ÿ,worried face,2012,emoji,face;Â person;Â worried
U+1F624,ğŸ˜¤,face with look of triumph,2010,emoji,face;Â person;Â triumph;Â won
U+1F622,ğŸ˜¢,crying face,2010,emoji,cry;Â face;Â person;Â sad;Â tear
U+1F62D,ğŸ˜­,loudly crying face,2010,emoji,cry;Â face;Â person;Â sad;Â sob;Â tear
U+1F626,ğŸ˜¦,frowning face with open mouth,2012,emoji,face;Â frown;Â mouth;Â open;Â person
U+1F627,ğŸ˜§,anguished face,2012,emoji,anguished;Â face;Â person
U+1F628,ğŸ˜¨,fearful face,2010,emoji,face;Â fear;Â fearful;Â person;Â scared
U+1F629,ğŸ˜©,weary face,2010,emoji,face;Â person;Â tired;Â weary
U+1F62C,ğŸ˜¬,grimacing face,2012,emoji,face;Â grimace;Â person
U+1F630,ğŸ˜°,face with open mouth and cold sweat,2010,emoji,blue;Â cold;Â face;Â mouth;Â open;Â person;Â rushed;Â sweat
U+1F631,ğŸ˜±,face screaming in fear,2010,emoji,face;Â fear;Â fearful;Â munch;Â person;Â scared;Â scream
U+1F633,ğŸ˜³,flushed face,2010,emoji,dazed;Â face;Â flushed;Â person
U+1F635,ğŸ˜µ,dizzy face,2010,emoji,dizzy;Â face;Â person
U+1F621,ğŸ˜¡,pouting face,2010,emoji,angry;Â face;Â mad;Â person;Â pouting;Â rage;Â red
U+1F620,ğŸ˜ ,angry face,2010,emoji,angry;Â face;Â mad;Â person
U+1F608,ğŸ˜ˆ,smiling face with horns,2010,emoji,face;Â fairy tale;Â fantasy;Â horns;Â person;Â smile
U+1F47F,ğŸ‘¿,imp,2010,emoji,devil;Â face;Â fairy tale;Â fantasy;Â imp;Â person
U+1F479,ğŸ‘¹,japanese ogre,2010,emoji,creature;Â face;Â fairy tale;Â fantasy;Â japanese;Â monster;Â ogre;Â person
U+1F47A,ğŸ‘º,japanese goblin,2010,emoji,creature;Â face;Â fairy tale;Â fantasy;Â goblin;Â japanese;Â monster;person
U+1F480,ğŸ’€,skull,2010,emoji,body;Â death;Â face;Â fairy tale;Â monster;Â person;Â skull
U+1F47B,ğŸ‘»,ghost,2010,emoji,creature;Â face;Â fairy tale;Â fantasy;Â ghost;Â monster;Â person
U+1F47D,ğŸ‘½,extraterrestrial alien,2010,emoji,alien;Â creature;Â extraterrestrial;Â face;Â fairy tale;Â fantasy;Â monster;nature;Â person;Â space;Â ufo
U+1F47E,ğŸ‘¾,alien monster,2010,emoji,alien;Â creature;Â extraterrestrial;Â face;Â fairy tale;Â fantasy;Â monster;nature;Â person;Â space;Â ufo
U+1F4A9,ğŸ’©,pile of poo,2010,emoji,comic;Â dung;Â face;Â monster;Â nature;Â object;Â poo;Â poop
U+1F63A,ğŸ˜º,smiling cat face with open mouth,2010,emoji,animal;Â cat;Â face;Â mouth;Â nature;Â open;Â smile
U+1F638,ğŸ˜¸,grinning cat face with smiling eyes,2010,emoji,animal;Â cat;Â eye;Â face;Â grin;Â nature;Â smile
U+1F639,ğŸ˜¹,cat face with tears of joy,2010,emoji,animal;Â cat;Â face;Â joy;Â nature;Â tear
U+1F63B,ğŸ˜»,smiling cat face with heart-shaped eyes,2010,emoji,animal;Â cat;Â eye;Â face;Â heart;Â love;Â nature;Â smile
U+1F63C,ğŸ˜¼,cat face with wry smile,2010,emoji,animal;Â cat;Â face;Â ironic;Â nature;Â smile;Â wry
U+1F63D,ğŸ˜½,kissing cat face with closed eyes,2010,emoji,animal;Â cat;Â eye;Â face;Â kiss;Â nature
U+1F640,ğŸ™€,weary cat face,2010,emoji,animal;Â cat;Â face;Â nature;Â oh;Â surprised;Â weary
U+1F63F,ğŸ˜¿,crying cat face,2010,emoji,animal;Â cat;Â cry;Â face;Â nature;Â sad;Â tear
U+1F63E,ğŸ˜¾,pouting cat face,2010,emoji,animal;Â cat;Â face;Â nature;Â pouting
U+1F648,ğŸ™ˆ,see-no-evil monkey,2010,emoji,animal;Â evil;Â face;Â forbidden;Â gesture;Â monkey;Â nature;Â no;Â not;prohibited;Â see
U+1F649,ğŸ™‰,hear-no-evil monkey,2010,emoji,animal;Â evil;Â face;Â forbidden;Â gesture;Â hear;Â monkey;Â nature;Â no;not;Â prohibited
U+1F64A,ğŸ™Š,speak-no-evil monkey,2010,emoji,animal;Â evil;Â face;Â forbidden;Â gesture;Â monkey;Â nature;Â no;Â not;prohibited;Â speak
U+1F466,ğŸ‘¦,boy,2010,emoji,boy;Â person
U+1F467,ğŸ‘§,girl,2010,emoji,girl;Â maiden;Â person;Â virgin;Â virgo;Â zodiac
U+1F468,ğŸ‘¨,man,2010,emoji,man;Â person
U+1F469,ğŸ‘©,woman,2010,emoji,person;Â woman
U+1F474,ğŸ‘´,older man,2010,emoji,man;Â old;Â person
U+1F475,ğŸ‘µ,older woman,2010,emoji,old;Â person;Â woman
U+1F476,ğŸ‘¶,baby,2010,emoji,baby;Â person
U+1F471,ğŸ‘±,person with blond hair,2010,emoji,blond;Â person
U+1F46E,ğŸ‘®,police officer,2010,emoji,cop;Â officer;Â person;Â police
U+1F472,ğŸ‘²,man with gua pi mao,2010,emoji,gua pi mao;Â hat;Â man;Â person
U+1F473,ğŸ‘³,man with turban,2010,emoji,man;Â person;Â turban
U+1F477,ğŸ‘·,construction worker,2010,emoji,construction;Â hat;Â person;Â worker
U+1F478,ğŸ‘¸,princess,2010,emoji,fairy tale;Â fantasy;Â person;Â princess
U+1F482,ğŸ’‚,guardsman,2010,emoji,guard;Â guardsman;Â person
U+1F385,ğŸ…,father christmas,2010,emoji,activity;Â celebration;Â christmas;Â fairy tale;Â fantasy;Â father;Â person;santa
U+1F47C,ğŸ‘¼,baby angel,2010,emoji,angel;Â baby;Â face;Â fairy tale;Â fantasy;Â person
U+1F46F,ğŸ‘¯,woman with bunny ears,2010,emoji,bunny;Â dancer;Â ear;Â girl;Â person;Â woman
U+1F486,ğŸ’†,face massage,2010,emoji,massage;Â person;Â salon
U+1F487,ğŸ’‡,haircut,2010,emoji,barber;Â beauty;Â haircut;Â parlor;Â person
U+1F470,ğŸ‘°,bride with veil,2010,emoji,bride;Â person;Â veil;Â wedding
U+1F64D,ğŸ™,person frowning,2010,emoji,frown;Â gesture;Â person
U+1F64E,ğŸ™,person with pouting face,2010,emoji,gesture;Â person;Â pouting
U+1F645,ğŸ™…,face with no good gesture,2010,emoji,forbidden;Â gesture;Â hand;Â no;Â not;Â person;Â prohibited
U+1F646,ğŸ™†,face with ok gesture,2010,emoji,gesture;Â hand;Â ok;Â person
U+1F481,ğŸ’,information desk person,2010,emoji,hand;Â help;Â information;Â person;Â sassy
U+1F64B,ğŸ™‹,happy person raising one hand,2010,emoji,gesture;Â hand;Â happy;Â person;Â raised
U+1F647,ğŸ™‡,person bowing deeply,2010,emoji,apology;Â bow;Â gesture;Â person;Â sorry
U+1F64C,ğŸ™Œ,person raising both hands in celebration,2010,emoji,body;Â celebration;Â gesture;Â hand;Â hooray;Â person;Â raised
U+1F64F,ğŸ™,person with folded hands,2010,emoji,ask;Â body;Â bow;Â folded;Â gesture;Â hand;Â person;Â please;Â pray;Â thanks
U+1F464,ğŸ‘¤,bust in silhouette,2010,emoji,bust;Â person;Â silhouette
U+1F465,ğŸ‘¥,busts in silhouette,2010,emoji,bust;Â person;Â silhouette
U+1F6B6,ğŸš¶,pedestrian,2010,emoji,hike;Â pedestrian;Â person;Â walk;Â walking
U+1F3C3,ğŸƒ,runner,2010,emoji,marathon;Â person;Â runner;Â running
U+1F483,ğŸ’ƒ,dancer,2010,emoji,dancer;Â person
U+1F48F,ğŸ’,kiss,2010,emoji,couple;Â kiss;Â person;Â romance
U+1F491,ğŸ’‘,couple with heart,2010,emoji,couple;Â heart;Â love;Â person;Â romance
U+1F46A,ğŸ‘ª,family,2010,emoji,child;Â family;Â father;Â mother;Â person
U+1F46B,ğŸ‘«,man and woman holding hands,2010,emoji,couple;Â hand;Â hold;Â man;Â person;Â woman
U+1F46C,ğŸ‘¬,two men holding hands,2010,emoji,couple;Â gemini;Â hand;Â hold;Â man;Â person;Â twins;Â zodiac
U+1F46D,ğŸ‘­,two women holding hands,2010,emoji,couple;Â hand;Â hold;Â person;Â woman
U+1F4AA,ğŸ’ª,flexed biceps,2010,emoji,biceps;Â body;Â comic;Â flex;Â muscle;Â person
U+1F448,ğŸ‘ˆ,white left pointing backhand index,2010,emoji,backhand;Â body;Â finger;Â hand;Â index;Â person;Â point
U+1F449,ğŸ‘‰,white right pointing backhand index,2010,emoji,backhand;Â body;Â finger;Â hand;Â index;Â person;Â point
U+261D,â˜ï¸,white up pointing index,1995,text,body;Â finger;Â hand;Â index;Â person;Â point;Â up
U+1F446,ğŸ‘†,white up pointing backhand index,2010,emoji,backhand;Â body;Â finger;Â hand;Â index;Â person;Â point;Â up
U+1F447,ğŸ‘‡,white down pointing backhand index,2010,emoji,backhand;Â body;Â down;Â finger;Â hand;Â index;Â person;Â point
U+270C,âœŒï¸,victory hand,1995,text,body;Â hand;Â person;Â v;Â victory
U+270A,âœŠ,raised fist,2010,emoji,body;Â clenched;Â fist;Â hand;Â person;Â punch
U+270B,âœ‹,raised hand,2010,emoji,body;Â hand;Â person
U+1F44A,ğŸ‘Š,fisted hand sign,2010,emoji,body;Â clenched;Â fist;Â hand;Â person;Â punch
U+1F44C,ğŸ‘Œ,ok hand sign,2010,emoji,body;Â hand;Â ok;Â person
U+1F44D,ğŸ‘,thumbs up sign,2010,emoji,#ERROR!
U+1F44E,ğŸ‘,thumbs down sign,2010,emoji,-1;Â body;Â down;Â hand;Â person;Â thumb;Â thumbs down
U+1F44B,ğŸ‘‹,waving hand sign,2010,emoji,body;Â hand;Â person;Â wave;Â waving
U+1F44F,ğŸ‘,clapping hands sign,2010,emoji,body;Â clap;Â hand;Â person
U+1F450,ğŸ‘,open hands sign,2010,emoji,body;Â hand;Â open;Â person
U+1F485,ğŸ’…,nail polish,2010,emoji,body;Â care;Â cosmetics;Â manicure;Â nail;Â person;Â polish
U+1F442,ğŸ‘‚,ear,2010,emoji,body;Â ear;Â person
U+1F443,ğŸ‘ƒ,nose,2010,emoji,body;Â nose;Â person
U+1F463,ğŸ‘£,footprints,2010,emoji,body;Â clothing;Â footprint;Â person;Â print
U+1F440,ğŸ‘€,eyes,2010,emoji,body;Â eye;Â face;Â person
U+1F445,ğŸ‘…,tongue,2010,emoji,body;Â person;Â tongue
U+1F444,ğŸ‘„,mouth,2010,emoji,body;Â lips;Â mouth;Â person
U+1F48B,ğŸ’‹,kiss mark,2010,emoji,emotion;Â heart;Â kiss;Â lips;Â mark;Â person;Â romance
U+1F498,ğŸ’˜,heart with arrow,2010,emoji,arrow;Â cupid;Â emotion;Â heart;Â person;Â romance
U+2764,â¤ï¸,heavy black heart,1995,text,emotion;Â heart;Â person
U+1F493,ğŸ’“,beating heart,2010,emoji,beating;Â emotion;Â heart;Â heartbeat;Â person;Â pulsating
U+1F494,ğŸ’”,broken heart,2010,emoji,break;Â broken;Â emotion;Â heart;Â person
U+1F495,ğŸ’•,two hearts,2010,emoji,emotion;Â heart;Â love;Â person
U+1F496,ğŸ’–,sparkling heart,2010,emoji,emotion;Â excited;Â heart;Â person;Â sparkle
U+1F497,ğŸ’—,growing heart,2010,emoji,emotion;Â excited;Â growing;Â heart;Â heartpulse;Â nervous;Â person
U+1F499,ğŸ’™,blue heart,2010,emoji,blue;Â emotion;Â heart;Â person
U+1F49A,ğŸ’š,green heart,2010,emoji,emotion;Â green;Â heart;Â person
U+1F49B,ğŸ’›,yellow heart,2010,emoji,emotion;Â heart;Â person;Â yellow
U+1F49C,ğŸ’œ,purple heart,2010,emoji,emotion;Â heart;Â person;Â purple
U+1F49D,ğŸ’,heart with ribbon,2010,emoji,emotion;Â heart;Â object;Â person;Â ribbon;Â valentine
U+1F49E,ğŸ’,revolving hearts,2010,emoji,emotion;Â heart;Â person;Â revolving
U+1F49F,ğŸ’Ÿ,heart decoration,2010,emoji,emotion;Â heart;Â person;Â symbol
U+1F48C,ğŸ’Œ,love letter,2010,emoji,emotion;Â heart;Â letter;Â love;Â mail;Â person;Â romance
U+1F4A4,ğŸ’¤,sleeping symbol,2010,emoji,comic;Â emotion;Â person;Â sleep;Â symbol;Â word;Â zzz
U+1F4A2,ğŸ’¢,anger symbol,2010,emoji,angry;Â comic;Â emotion;Â mad;Â person;Â symbol
U+1F4A3,ğŸ’£,bomb,2010,emoji,bomb;Â comic;Â object
U+1F4A5,ğŸ’¥,collision symbol,2010,emoji,boom;Â collision;Â comic;Â emotion;Â person
U+1F4A6,ğŸ’¦,splashing sweat symbol,2010,emoji,comic;Â emotion;Â object;Â person;Â splashing;Â sweat
U+1F4A8,ğŸ’¨,dash symbol,2010,emoji,comic;Â dash;Â emotion;Â object;Â person;Â running
U+1F4AB,ğŸ’«,dizzy symbol,2010,emoji,comic;Â dizzy;Â emotion;Â person;Â star
U+1F4AC,ğŸ’¬,speech balloon,2010,emoji,balloon;Â bubble;Â comic;Â dialog;Â emotion;Â object;Â person;Â speech
U+1F4AD,ğŸ’­,thought balloon,2010,emoji,balloon;Â bubble;Â comic;Â emotion;Â object;Â person;Â thought
U+1F453,ğŸ‘“,eyeglasses,2010,emoji,clothing;Â eye;Â eyeglasses;Â eyewear;Â glasses;Â object;Â person
U+1F454,ğŸ‘”,necktie,2010,emoji,clothing;Â necktie;Â object;Â person
U+1F455,ğŸ‘•,t-shirt,2010,emoji,clothing;Â object;Â person;Â shirt;Â tshirt
U+1F456,ğŸ‘–,jeans,2010,emoji,clothing;Â jeans;Â object;Â pants;Â person;Â trousers
U+1F457,ğŸ‘—,dress,2010,emoji,clothing;Â dress;Â object;Â person
U+1F458,ğŸ‘˜,kimono,2010,emoji,clothing;Â kimono;Â object;Â person
U+1F459,ğŸ‘™,bikini,2010,emoji,bikini;Â clothing;Â object;Â person;Â swim
U+1F45A,ğŸ‘š,womans clothes,2010,emoji,clothing;Â object;Â person;Â woman
U+1F45B,ğŸ‘›,purse,2010,emoji,clothing;Â coin;Â object;Â person;Â purse
U+1F45C,ğŸ‘œ,handbag,2010,emoji,bag;Â clothing;Â handbag;Â object;Â person
U+1F45D,ğŸ‘,pouch,2010,emoji,bag;Â clothing;Â object;Â person;Â pouch
U+1F392,ğŸ’,school satchel,2010,emoji,activity;Â bag;Â education;Â object;Â satchel;Â school
U+1F45E,ğŸ‘,mans shoe,2010,emoji,clothing;Â man;Â object;Â person;Â shoe
U+1F45F,ğŸ‘Ÿ,athletic shoe,2010,emoji,athletic;Â clothing;Â object;Â person;Â shoe;Â sneaker
U+1F460,ğŸ‘ ,high-heeled shoe,2010,emoji,clothing;Â heel;Â object;Â person;Â shoe;Â woman
U+1F461,ğŸ‘¡,womans sandal,2010,emoji,clothing;Â object;Â person;Â sandal;Â shoe;Â woman
U+1F462,ğŸ‘¢,womans boots,2010,emoji,boot;Â clothing;Â object;Â person;Â shoe;Â woman
U+1F451,ğŸ‘‘,crown,2010,emoji,clothing;Â crown;Â king;Â object;Â person;Â queen
U+1F452,ğŸ‘’,womans hat,2010,emoji,clothing;Â hat;Â object;Â person;Â woman
U+1F3A9,ğŸ©,top hat,2010,emoji,activity;Â clothing;Â entertainment;Â hat;Â object;Â person;Â top;Â tophat
U+1F393,ğŸ“,graduation cap,2010,emoji,activity;Â cap;Â celebration;Â clothing;Â education;Â graduation;Â hat;object
U+1F484,ğŸ’„,lipstick,2010,emoji,cosmetics;Â lipstick;Â makeup;Â object;Â person
U+1F48D,ğŸ’,ring,2010,emoji,diamond;Â emotion;Â object;Â person;Â ring;Â romance
U+1F48E,ğŸ’,gem stone,2010,emoji,diamond;Â emotion;Â gem;Â jewel;Â object;Â person;Â romance
U+1F435,ğŸµ,monkey face,2010,emoji,animal;Â face;Â monkey;Â nature
U+1F412,ğŸ’,monkey,2010,emoji,animal;Â monkey;Â nature
U+1F436,ğŸ¶,dog face,2010,emoji,animal;Â dog;Â face;Â nature;Â pet
U+1F415,ğŸ•,dog,2010,emoji,animal;Â dog;Â nature;Â pet
U+1F429,ğŸ©,poodle,2010,emoji,animal;Â dog;Â nature;Â poodle
U+1F43A,ğŸº,wolf face,2010,emoji,animal;Â face;Â nature;Â wolf
U+1F431,ğŸ±,cat face,2010,emoji,animal;Â cat;Â face;Â nature;Â pet
U+1F408,ğŸˆ,cat,2010,emoji,animal;Â cat;Â nature;Â pet
U+1F42F,ğŸ¯,tiger face,2010,emoji,animal;Â face;Â nature;Â tiger
U+1F405,ğŸ…,tiger,2010,emoji,animal;Â nature;Â tiger
U+1F406,ğŸ†,leopard,2010,emoji,animal;Â leopard;Â nature
U+1F434,ğŸ´,horse face,2010,emoji,animal;Â face;Â horse;Â nature
U+1F40E,ğŸ,horse,2010,emoji,animal;Â horse;Â nature;Â place;Â racehorse;Â racing
U+1F42E,ğŸ®,cow face,2010,emoji,animal;Â cow;Â face;Â nature
U+1F402,ğŸ‚,ox,2010,emoji,animal;Â bull;Â nature;Â ox;Â taurus;Â zodiac
U+1F403,ğŸƒ,water buffalo,2010,emoji,animal;Â buffalo;Â nature;Â water
U+1F404,ğŸ„,cow,2010,emoji,animal;Â cow;Â nature
U+1F437,ğŸ·,pig face,2010,emoji,animal;Â face;Â nature;Â pig
U+1F416,ğŸ–,pig,2010,emoji,animal;Â nature;Â pig;Â sow
U+1F417,ğŸ—,boar,2010,emoji,animal;Â boar;Â nature;Â pig
U+1F43D,ğŸ½,pig nose,2010,emoji,animal;Â face;Â nature;Â nose;Â pig
U+1F40F,ğŸ,ram,2010,emoji,animal;Â aries;Â nature;Â ram;Â sheep;Â zodiac
U+1F411,ğŸ‘,sheep,2010,emoji,animal;Â ewe;Â nature;Â sheep
U+1F410,ğŸ,goat,2010,emoji,animal;Â capricorn;Â goat;Â nature;Â zodiac
U+1F42A,ğŸª,dromedary camel,2010,emoji,animal;Â camel;Â dromedary;Â hump;Â nature
U+1F42B,ğŸ«,bactrian camel,2010,emoji,animal;Â bactrian;Â camel;Â hump;Â nature
U+1F418,ğŸ˜,elephant,2010,emoji,animal;Â elephant;Â nature
U+1F42D,ğŸ­,mouse face,2010,emoji,animal;Â face;Â mouse;Â nature
U+1F401,ğŸ,mouse,2010,emoji,animal;Â mouse;Â nature
U+1F400,ğŸ€,rat,2010,emoji,animal;Â nature;Â rat
U+1F439,ğŸ¹,hamster face,2010,emoji,animal;Â face;Â hamster;Â nature;Â pet
U+1F430,ğŸ°,rabbit face,2010,emoji,animal;Â bunny;Â face;Â nature;Â pet;Â rabbit
U+1F407,ğŸ‡,rabbit,2010,emoji,animal;Â bunny;Â nature;Â pet;Â rabbit
U+1F43B,ğŸ»,bear face,2010,emoji,animal;Â bear;Â face;Â nature
U+1F428,ğŸ¨,koala,2010,emoji,animal;Â bear;Â koala;Â nature
U+1F43C,ğŸ¼,panda face,2010,emoji,animal;Â face;Â nature;Â panda
U+1F43E,ğŸ¾,paw prints,2010,emoji,animal;Â feet;Â nature;Â paw;Â print
U+1F414,ğŸ”,chicken,2010,emoji,animal;Â chicken;Â nature
U+1F413,ğŸ“,rooster,2010,emoji,animal;Â nature;Â rooster
U+1F423,ğŸ£,hatching chick,2010,emoji,animal;Â baby;Â chick;Â hatching;Â nature
U+1F424,ğŸ¤,baby chick,2010,emoji,animal;Â baby;Â chick;Â nature
U+1F425,ğŸ¥,front-facing baby chick,2010,emoji,animal;Â baby;Â chick;Â nature
U+1F426,ğŸ¦,bird,2010,emoji,animal;Â bird;Â nature
U+1F427,ğŸ§,penguin,2010,emoji,animal;Â nature;Â penguin
U+1F438,ğŸ¸,frog face,2010,emoji,animal;Â face;Â frog;Â nature
U+1F40A,ğŸŠ,crocodile,2010,emoji,animal;Â crocodile;Â nature
U+1F422,ğŸ¢,turtle,2010,emoji,animal;Â nature;Â turtle
U+1F40D,ğŸ,snake,2010,emoji,animal;Â bearer;Â nature;Â ophiuchus;Â serpent;Â snake;Â zodiac
U+1F432,ğŸ²,dragon face,2010,emoji,animal;Â dragon;Â face;Â fairy tale;Â nature
U+1F409,ğŸ‰,dragon,2010,emoji,animal;Â dragon;Â fairy tale;Â nature
U+1F433,ğŸ³,spouting whale,2010,emoji,animal;Â face;Â nature;Â spouting;Â whale
U+1F40B,ğŸ‹,whale,2010,emoji,animal;Â nature;Â whale
U+1F42C,ğŸ¬,dolphin,2010,emoji,animal;Â dolphin;Â flipper;Â nature
U+1F41F,ğŸŸ,fish,2010,emoji,animal;Â fish;Â nature;Â pisces;Â zodiac
U+1F420,ğŸ ,tropical fish,2010,emoji,animal;Â fish;Â nature;Â tropical
U+1F421,ğŸ¡,blowfish,2010,emoji,animal;Â blowfish;Â fish;Â nature
U+1F419,ğŸ™,octopus,2010,emoji,animal;Â nature;Â octopus
U+1F41A,ğŸš,spiral shell,2010,emoji,animal;Â nature;Â shell;Â spiral
U+1F40C,ğŸŒ,snail,2010,emoji,animal;Â nature;Â snail
U+1F41B,ğŸ›,bug,2010,emoji,animal;Â bug;Â insect;Â nature
U+1F41C,ğŸœ,ant,2010,emoji,animal;Â ant;Â insect;Â nature
U+1F41D,ğŸ,honeybee,2010,emoji,animal;Â bee;Â honeybee;Â insect;Â nature
U+1F41E,ğŸ,lady beetle,2010,emoji,animal;Â beetle;Â insect;Â lady beetle;Â ladybird;Â ladybug;Â nature
U+1F490,ğŸ’,bouquet,2010,emoji,bouquet;Â flower;Â nature;Â object;Â place;Â plant;Â romance
U+1F338,ğŸŒ¸,cherry blossom,2010,emoji,blossom;Â cherry;Â flower;Â nature;Â plant
U+1F4AE,ğŸ’®,white flower,2010,emoji,flower;Â object;Â symbol
U+1F339,ğŸŒ¹,rose,2010,emoji,flower;Â nature;Â plant;Â rose
U+1F33A,ğŸŒº,hibiscus,2010,emoji,flower;Â hibiscus;Â nature;Â plant
U+1F33B,ğŸŒ»,sunflower,2010,emoji,flower;Â nature;Â plant;Â sun;Â sunflower
U+1F33C,ğŸŒ¼,blossom,2010,emoji,blossom;Â flower;Â nature;Â plant
U+1F337,ğŸŒ·,tulip,2010,emoji,flower;Â nature;Â plant;Â tulip
U+1F331,ğŸŒ±,seedling,2010,emoji,nature;Â plant;Â seedling;Â young
U+1F332,ğŸŒ²,evergreen tree,2010,emoji,evergreen;Â nature;Â plant;Â tree
U+1F333,ğŸŒ³,deciduous tree,2010,emoji,deciduous;Â nature;Â plant;Â shedding;Â tree
U+1F334,ğŸŒ´,palm tree,2010,emoji,nature;Â palm;Â plant;Â tree
U+1F335,ğŸŒµ,cactus,2010,emoji,cactus;Â nature;Â plant
U+1F33E,ğŸŒ¾,ear of rice,2010,emoji,ear;Â nature;Â plant;Â rice
U+1F33F,ğŸŒ¿,herb,2010,emoji,herb;Â leaf;Â nature;Â plant
U+1F340,ğŸ€,four leaf clover,2010,emoji,4;Â clover;Â four;Â leaf;Â nature;Â plant
U+1F341,ğŸ,maple leaf,2010,emoji,falling;Â leaf;Â maple;Â nature;Â plant
U+1F342,ğŸ‚,fallen leaf,2010,emoji,falling;Â leaf;Â nature;Â plant
U+1F343,ğŸƒ,leaf fluttering in wind,2010,emoji,blow;Â flutter;Â leaf;Â nature;Â plant;Â wind
U+1F347,ğŸ‡,grapes,2010,emoji,food;Â fruit;Â grape;Â nature;Â object;Â plant
U+1F348,ğŸˆ,melon,2010,emoji,food;Â fruit;Â melon;Â nature;Â object;Â plant
U+1F349,ğŸ‰,watermelon,2010,emoji,food;Â fruit;Â nature;Â object;Â plant;Â watermelon
U+1F34A,ğŸŠ,tangerine,2010,emoji,food;Â fruit;Â nature;Â object;Â orange;Â plant;Â tangerine
U+1F34B,ğŸ‹,lemon,2010,emoji,citrus;Â food;Â fruit;Â lemon;Â nature;Â object;Â plant
U+1F34C,ğŸŒ,banana,2010,emoji,banana;Â food;Â fruit;Â nature;Â object;Â plant
U+1F34D,ğŸ,pineapple,2010,emoji,food;Â fruit;Â nature;Â object;Â pineapple;Â plant
U+1F34E,ğŸ,red apple,2010,emoji,apple;Â food;Â fruit;Â nature;Â object;Â plant;Â red
U+1F34F,ğŸ,green apple,2010,emoji,apple;Â food;Â fruit;Â green;Â nature;Â object;Â plant
U+1F350,ğŸ,pear,2010,emoji,food;Â fruit;Â nature;Â object;Â pear;Â plant
U+1F351,ğŸ‘,peach,2010,emoji,food;Â fruit;Â nature;Â object;Â peach;Â plant
U+1F352,ğŸ’,cherries,2010,emoji,cherry;Â food;Â fruit;Â nature;Â object;Â plant
U+1F353,ğŸ“,strawberry,2010,emoji,berry;Â food;Â fruit;Â nature;Â object;Â plant;Â strawberry
U+1F345,ğŸ…,tomato,2010,emoji,food;Â nature;Â object;Â plant;Â tomato;Â vegetable
U+1F346,ğŸ†,aubergine,2010,emoji,aubergine;Â eggplant;Â food;Â nature;Â object;Â plant;Â vegetable
U+1F33D,ğŸŒ½,ear of maize,2010,emoji,corn;Â ear;Â maize;Â maze;Â nature;Â object;Â plant
U+1F344,ğŸ„,mushroom,2010,emoji,mushroom;Â nature;Â plant
U+1F330,ğŸŒ°,chestnut,2010,emoji,chestnut;Â nature;Â plant
U+1F35E,ğŸ,bread,2010,emoji,bread;Â food;Â loaf;Â nature;Â object
U+1F356,ğŸ–,meat on bone,2010,emoji,bone;Â food;Â meat;Â nature;Â object
U+1F357,ğŸ—,poultry leg,2010,emoji,bone;Â chicken;Â food;Â leg;Â nature;Â object;Â poultry
U+1F354,ğŸ”,hamburger,2010,emoji,burger;Â food;Â hamburger;Â nature;Â object
U+1F35F,ğŸŸ,french fries,2010,emoji,food;Â french;Â fries;Â nature;Â object
U+1F355,ğŸ•,slice of pizza,2010,emoji,cheese;Â food;Â nature;Â object;Â pizza;Â slice
U+1F372,ğŸ²,pot of food,2010,emoji,food;Â nature;Â object;Â pot;Â stew
U+1F371,ğŸ±,bento box,2010,emoji,bento;Â box;Â food;Â nature;Â object
U+1F358,ğŸ˜,rice cracker,2010,emoji,cracker;Â food;Â nature;Â object;Â rice
U+1F359,ğŸ™,rice ball,2010,emoji,ball;Â food;Â japanese;Â nature;Â object;Â rice
U+1F35A,ğŸš,cooked rice,2010,emoji,cooked;Â food;Â nature;Â object;Â rice
U+1F35B,ğŸ›,curry and rice,2010,emoji,curry;Â food;Â nature;Â object;Â rice
U+1F35C,ğŸœ,steaming bowl,2010,emoji,bowl;Â food;Â nature;Â noodle;Â object;Â ramen;Â steaming
U+1F35D,ğŸ,spaghetti,2010,emoji,food;Â nature;Â object;Â pasta;Â spaghetti
U+1F360,ğŸ ,roasted sweet potato,2010,emoji,food;Â nature;Â object;Â potato;Â roasted;Â sweet
U+1F362,ğŸ¢,oden,2010,emoji,food;Â kebab;Â nature;Â object;Â oden;Â seafood;Â skewer;Â stick
U+1F363,ğŸ£,sushi,2010,emoji,food;Â nature;Â object;Â sushi
U+1F364,ğŸ¤,fried shrimp,2010,emoji,food;Â fried;Â nature;Â object;Â prawn;Â shrimp;Â tempura
U+1F365,ğŸ¥,fish cake with swirl design,2010,emoji,cake;Â fish;Â food;Â nature;Â object;Â pastry;Â swirl
U+1F361,ğŸ¡,dango,2010,emoji,dango;Â dessert;Â food;Â japanese;Â nature;Â object;Â skewer;Â stick;Â sweet
U+1F366,ğŸ¦,soft ice cream,2010,emoji,cream;Â dessert;Â food;Â ice;Â icecream;Â nature;Â object;Â soft;Â sweet
U+1F367,ğŸ§,shaved ice,2010,emoji,dessert;Â food;Â ice;Â nature;Â object;Â shaved;Â sweet
U+1F368,ğŸ¨,ice cream,2010,emoji,cream;Â dessert;Â food;Â ice;Â nature;Â object;Â sweet
U+1F369,ğŸ©,doughnut,2010,emoji,dessert;Â donut;Â doughnut;Â food;Â nature;Â object;Â sweet
U+1F36A,ğŸª,cookie,2010,emoji,cookie;Â dessert;Â food;Â nature;Â object;Â sweet
U+1F382,ğŸ‚,birthday cake,2010,emoji,birthday;Â cake;Â celebration;Â dessert;Â food;Â object;Â pastry;Â sweet
U+1F370,ğŸ°,shortcake,2010,emoji,cake;Â dessert;Â food;Â nature;Â object;Â pastry;Â shortcake;Â slice;Â sweet
U+1F36B,ğŸ«,chocolate bar,2010,emoji,bar;Â chocolate;Â dessert;Â food;Â nature;Â object;Â sweet
U+1F36C,ğŸ¬,candy,2010,emoji,candy;Â dessert;Â food;Â nature;Â object;Â sweet
U+1F36D,ğŸ­,lollipop,2010,emoji,candy;Â dessert;Â food;Â lollipop;Â nature;Â object;Â sweet
U+1F36E,ğŸ®,custard,2010,emoji,custard;Â dessert;Â food;Â nature;Â object;Â pudding;Â sweet
U+1F36F,ğŸ¯,honey pot,2010,emoji,food;Â honey;Â honeypot;Â nature;Â object;Â pot;Â sweet
U+1F37C,ğŸ¼,baby bottle,2010,emoji,baby;Â bottle;Â drink;Â milk;Â nature;Â object
U+2615,â˜•ï¸,hot beverage,2003,emoji,beverage;Â coffee;Â drink;Â hot;Â nature;Â object;Â steaming;Â tea
U+1F375,ğŸµ,teacup without handle,2010,emoji,beverage;Â cup;Â drink;Â nature;Â object;Â tea;Â teacup
U+1F376,ğŸ¶,sake bottle and cup,2010,emoji,bar;Â beverage;Â bottle;Â cup;Â drink;Â nature;Â object;Â sake
U+1F377,ğŸ·,wine glass,2010,emoji,bar;Â beverage;Â drink;Â glass;Â nature;Â object;Â wine
U+1F378,ğŸ¸,cocktail glass,2010,emoji,bar;Â cocktail;Â drink;Â glass;Â nature;Â object
U+1F379,ğŸ¹,tropical drink,2010,emoji,bar;Â drink;Â nature;Â object;Â tropical
U+1F37A,ğŸº,beer mug,2010,emoji,bar;Â beer;Â drink;Â mug;Â nature;Â object
U+1F37B,ğŸ»,clinking beer mugs,2010,emoji,bar;Â beer;Â clink;Â drink;Â mug;Â nature;Â object
U+1F374,ğŸ´,fork and knife,2010,emoji,cooking;Â food;Â fork;Â knife;Â nature;Â object
U+1F373,ğŸ³,cooking,2010,emoji,cooking;Â egg;Â food;Â frying;Â nature;Â object;Â pan
U+1F30D,ğŸŒ,earth globe europe-africa,2010,emoji,africa;Â earth;Â europe;Â globe;Â nature;Â place;Â world
U+1F30E,ğŸŒ,earth globe americas,2010,emoji,americas;Â earth;Â globe;Â nature;Â place;Â world
U+1F30F,ğŸŒ,earth globe asia-australia,2010,emoji,asia;Â australia;Â earth;Â globe;Â nature;Â place;Â world
U+1F310,ğŸŒ,globe with meridians,2010,emoji,earth;Â globe;Â meridians;Â nature;Â place;Â world
U+1F30B,ğŸŒ‹,volcano,2010,emoji,eruption;Â mountain;Â nature;Â place;Â volcano;Â weather
U+1F5FB,ğŸ—»,mount fuji,2010,emoji,fuji;Â mountain;Â nature;Â place
U+1F3E0,ğŸ ,house building,2010,emoji,building;Â home;Â house;Â place
U+1F3E1,ğŸ¡,house with garden,2010,emoji,building;Â garden;Â home;Â house;Â place
U+26EA,â›ªï¸,church,2009,emoji,building;Â christian;Â church;Â cross;Â place;Â religion
U+1F3E2,ğŸ¢,office building,2010,emoji,building;Â office;Â place
U+1F3E3,ğŸ£,japanese post office,2010,emoji,building;Â japanese;Â office;Â place;Â post
U+1F3E4,ğŸ¤,european post office,2010,emoji,building;Â european;Â office;Â place;Â post
U+1F3E5,ğŸ¥,hospital,2010,emoji,building;Â doctor;Â hospital;Â medicine;Â place
U+1F3E6,ğŸ¦,green bank,2010,emoji,bank;Â building;Â place
U+1F3E8,ğŸ¨,hotel,2010,emoji,building;Â hotel;Â place
U+1F3E9,ğŸ©,love hotel,2010,emoji,building;Â hotel;Â love;Â place
U+1F3EA,ğŸª,convenience store,2010,emoji,building;Â convenience;Â place;Â store
U+1F3EB,ğŸ«,school,2010,emoji,building;Â education;Â place;Â school
U+1F3EC,ğŸ¬,department store,2010,emoji,building;Â department;Â place;Â store
U+1F3ED,ğŸ­,factory,2010,emoji,building;Â factory;Â place
U+1F3EF,ğŸ¯,japanese castle,2010,emoji,building;Â castle;Â japanese;Â place
U+1F3F0,ğŸ°,european castle,2010,emoji,building;Â castle;Â european;Â place
U+1F492,ğŸ’’,wedding,2010,emoji,activity;Â chapel;Â place;Â romance;Â wedding
U+1F5FC,ğŸ—¼,tokyo tower,2010,emoji,place;Â tokyo;Â tower
U+1F5FD,ğŸ—½,statue of liberty,2010,emoji,liberty;Â place;Â statue
U+1F5FE,ğŸ—¾,silhouette of japan,2010,emoji,japan;Â map;Â place
U+26F2,â›²ï¸,fountain,2009,emoji,fountain;Â object;Â place
U+26FA,â›ºï¸,tent,2009,emoji,camping;Â object;Â place;Â tent
U+1F301,ğŸŒ,foggy,2010,emoji,fog;Â nature;Â place;Â weather
U+1F303,ğŸŒƒ,night with stars,2010,emoji,nature;Â night;Â place;Â star;Â weather
U+1F304,ğŸŒ„,sunrise over mountains,2010,emoji,morning;Â mountain;Â nature;Â place;Â sun;Â sunrise;Â time;Â weather
U+1F305,ğŸŒ…,sunrise,2010,emoji,morning;Â nature;Â place;Â sun;Â sunrise;Â time;Â weather
U+1F306,ğŸŒ†,cityscape at dusk,2010,emoji,building;Â city;Â dusk;Â evening;Â landscape;Â nature;Â place;Â sun;Â sunset;time;Â weather
U+1F307,ğŸŒ‡,sunset over buildings,2010,emoji,building;Â dusk;Â nature;Â place;Â sun;Â sunset;Â time;Â weather
U+1F309,ğŸŒ‰,bridge at night,2010,emoji,bridge;Â nature;Â night;Â place;Â weather
U+2668,â™¨ï¸,hot springs,1995,text,hot;Â hotsprings;Â place;Â springs;Â steaming
U+1F30C,ğŸŒŒ,milky way,2010,emoji,milky way;Â nature;Â place;Â space;Â weather
U+1F3A0,ğŸ ,carousel horse,2010,emoji,activity;Â carousel;Â entertainment;Â horse;Â place
U+1F3A1,ğŸ¡,ferris wheel,2010,emoji,activity;Â amusement park;Â entertainment;Â ferris;Â place;Â wheel
U+1F3A2,ğŸ¢,roller coaster,2010,emoji,activity;Â amusement park;Â coaster;Â entertainment;Â place;Â roller
U+1F488,ğŸ’ˆ,barber pole,2010,emoji,barber;Â haircut;Â place;Â pole
U+1F3AA,ğŸª,circus tent,2010,emoji,activity;Â circus;Â entertainment;Â place;Â tent
U+1F3AD,ğŸ­,performing arts,2010,emoji,activity;Â art;Â entertainment;Â mask;Â object;Â performing;Â place;theater;Â theatre
U+1F3A8,ğŸ¨,artist palette,2010,emoji,activity;Â art;Â entertainment;Â museum;Â object;Â painting;Â palette
U+1F3B0,ğŸ°,slot machine,2010,emoji,activity;Â game;Â object;Â place;Â slot
U+1F682,ğŸš‚,steam locomotive,2010,emoji,engine;Â locomotive;Â place;Â railway;Â steam;Â train;Â travel;Â vehicle
U+1F683,ğŸšƒ,railway car,2010,emoji,car;Â electric;Â place;Â railway;Â train;Â tram;Â travel;Â trolleybus;Â vehicle
U+1F684,ğŸš„,high-speed train,2010,emoji,place;Â railway;Â shinkansen;Â speed;Â train;Â travel;Â vehicle
U+1F685,ğŸš…,high-speed train with bullet nose,2010,emoji,bullet;Â place;Â railway;Â shinkansen;Â speed;Â train;Â travel;Â vehicle
U+1F686,ğŸš†,train,2010,emoji,place;Â railway;Â train;Â travel;Â vehicle
U+1F687,ğŸš‡,metro,2010,emoji,metro;Â place;Â subway;Â travel;Â vehicle
U+1F688,ğŸšˆ,light rail,2010,emoji,place;Â railway;Â travel;Â vehicle
U+1F689,ğŸš‰,station,2010,emoji,place;Â railway;Â station;Â train;Â travel;Â vehicle
U+1F68A,ğŸšŠ,tram,2010,emoji,place;Â tram;Â travel;Â trolleybus;Â vehicle
U+1F69D,ğŸš,monorail,2010,emoji,monorail;Â place;Â travel;Â vehicle
U+1F69E,ğŸš,mountain railway,2010,emoji,car;Â mountain;Â place;Â railway;Â travel;Â vehicle
U+1F68B,ğŸš‹,tram car,2010,emoji,car;Â place;Â tram;Â travel;Â trolleybus;Â vehicle
U+1F68C,ğŸšŒ,bus,2010,emoji,bus;Â place;Â travel;Â vehicle
U+1F68D,ğŸš,oncoming bus,2010,emoji,bus;Â oncoming;Â place;Â travel;Â vehicle
U+1F68E,ğŸš,trolleybus,2010,emoji,bus;Â place;Â tram;Â travel;Â trolley;Â trolleybus;Â vehicle
U+1F68F,ğŸš,bus stop,2010,emoji,bus;Â busstop;Â place;Â stop;Â travel
U+1F690,ğŸš,minibus,2010,emoji,bus;Â minibus;Â place;Â travel;Â vehicle
U+1F691,ğŸš‘,ambulance,2010,emoji,ambulance;Â place;Â travel;Â vehicle
U+1F692,ğŸš’,fire engine,2010,emoji,engine;Â fire;Â place;Â travel;Â truck;Â vehicle
U+1F693,ğŸš“,police car,2010,emoji,car;Â patrol;Â place;Â police;Â travel;Â vehicle
U+1F694,ğŸš”,oncoming police car,2010,emoji,car;Â oncoming;Â place;Â police;Â travel;Â vehicle
U+1F695,ğŸš•,taxi,2010,emoji,place;Â taxi;Â travel;Â vehicle
U+1F696,ğŸš–,oncoming taxi,2010,emoji,oncoming;Â place;Â taxi;Â travel;Â vehicle
U+1F697,ğŸš—,automobile icon,2010,emoji,automobile;Â car;Â place;Â travel;Â vehicle
U+1F698,ğŸš˜,oncoming automobile,2010,emoji,automobile;Â car;Â oncoming;Â place;Â travel;Â vehicle
U+1F699,ğŸš™,recreational vehicle,2010,emoji,place;Â recreational;Â rv;Â travel;Â vehicle
U+1F69A,ğŸšš,delivery truck,2010,emoji,delivery;Â place;Â travel;Â truck;Â vehicle
U+1F69B,ğŸš›,articulated lorry,2010,emoji,lorry;Â place;Â semi;Â travel;Â truck;Â vehicle
U+1F69C,ğŸšœ,tractor,2010,emoji,place;Â tractor;Â travel;Â vehicle
U+1F6B2,ğŸš²,bicycle,2010,emoji,bicycle;Â bike;Â place;Â sport;Â travel;Â vehicle
U+26FD,â›½ï¸,fuel pump,2009,emoji,fuel;Â fuelpump;Â gas;Â place;Â pump;Â station;Â travel
U+1F6A8,ğŸš¨,police cars revolving light,2010,emoji,beacon;Â car;Â light;Â place;Â police;Â revolving;Â travel;Â vehicle
U+1F6A5,ğŸš¥,horizontal traffic light,2010,emoji,light;Â place;Â signal;Â traffic;Â travel
U+1F6A6,ğŸš¦,vertical traffic light,2010,emoji,light;Â place;Â signal;Â traffic;Â travel
U+1F6A7,ğŸš§,construction sign,2010,emoji,barrier;Â construction;Â place;Â travel
U+2693,âš“ï¸,anchor sign,2005,emoji,anchor;Â place;Â ship;Â tool;Â travel
U+26F5,â›µï¸,sailboat,2009,emoji,boat;Â place;Â resort;Â sailboat;Â sea;Â travel;Â vehicle;Â yacht
U+1F6A3,ğŸš£,rowboat,2010,emoji,boat;Â place;Â rowboat;Â travel;Â vehicle
U+1F6A4,ğŸš¤,speedboat,2010,emoji,boat;Â place;Â speedboat;Â travel;Â vehicle
U+1F6A2,ğŸš¢,ship,2010,emoji,place;Â ship;Â travel;Â vehicle
U+2708,âœˆï¸,airplane,1995,text,airplane;Â place;Â travel;Â vehicle
U+1F4BA,ğŸ’º,seat,2010,emoji,chair;Â object;Â office;Â place;Â seat;Â travel
U+1F681,ğŸš,helicopter,2010,emoji,helicopter;Â place;Â travel;Â vehicle
U+1F69F,ğŸšŸ,suspension railway,2010,emoji,place;Â railway;Â suspension;Â travel;Â vehicle
U+1F6A0,ğŸš ,mountain cableway,2010,emoji,cable;Â gondola;Â mountain;Â place;Â travel;Â vehicle
U+1F6A1,ğŸš¡,aerial tramway,2010,emoji,aerial;Â cable;Â car;Â gondola;Â place;Â ropeway;Â tramway;Â travel;vehicle
U+1F680,ğŸš€,rocket,2010,emoji,place;Â rocket;Â space;Â travel;Â vehicle
U+1F6AA,ğŸšª,door,2010,emoji,door;Â object;Â travel
U+1F6BD,ğŸš½,toilet,2010,emoji,object;Â place;Â toilet;Â travel
U+1F6BF,ğŸš¿,shower,2010,emoji,object;Â place;Â shower;Â travel;Â water
U+1F6C0,ğŸ›€,bath,2010,emoji,bath;Â bathtub;Â object;Â place;Â travel
U+1F6C1,ğŸ›,bathtub,2010,emoji,bath;Â bathtub;Â object;Â place;Â travel
U+231B,âŒ›ï¸,hourglass,1995,emoji,hourglass;Â object;Â sand;Â time;Â timer
U+23F3,â³,hourglass with flowing sand,2010,emoji,hourglass;Â object;Â sand;Â time;Â timer
U+231A,âŒšï¸,watch,1995,emoji,clock;Â object;Â time;Â watch
U+23F0,â°,alarm clock,2010,emoji,alarm;Â clock;Â object;Â time
U+1F55B,ğŸ•›,clock face twelve oclock,2010,emoji,00;Â 12;Â 12:00;Â clock;Â oâ€™clock;Â symbol;Â time;Â twelve
U+1F567,ğŸ•§,clock face twelve-thirty,2010,emoji,12;Â 12:30;Â 30;Â clock;Â symbol;Â thirty;Â time;Â twelve
U+1F550,ğŸ•,clock face one oclock,2010,emoji,00;Â 1;Â 1:00;Â clock;Â oâ€™clock;Â one;Â symbol;Â time
U+1F55C,ğŸ•œ,clock face one-thirty,2010,emoji,1;Â 1:30;Â 30;Â clock;Â one;Â symbol;Â thirty;Â time
U+1F551,ğŸ•‘,clock face two oclock,2010,emoji,00;Â 2;Â 2:00;Â clock;Â oâ€™clock;Â symbol;Â time;Â two
U+1F55D,ğŸ•,clock face two-thirty,2010,emoji,2;Â 2:30;Â 30;Â clock;Â symbol;Â thirty;Â time;Â two
U+1F552,ğŸ•’,clock face three oclock,2010,emoji,00;Â 3;Â 3:00;Â clock;Â oâ€™clock;Â symbol;Â three;Â time
U+1F55E,ğŸ•,clock face three-thirty,2010,emoji,3;Â 3:30;Â 30;Â clock;Â symbol;Â thirty;Â three;Â time
U+1F553,ğŸ•“,clock face four oclock,2010,emoji,00;Â 4;Â 4:00;Â clock;Â four;Â oâ€™clock;Â symbol;Â time
U+1F55F,ğŸ•Ÿ,clock face four-thirty,2010,emoji,30;Â 4;Â 4:30;Â clock;Â four;Â symbol;Â thirty;Â time
U+1F554,ğŸ•”,clock face five oclock,2010,emoji,00;Â 5;Â 5:00;Â clock;Â five;Â oâ€™clock;Â symbol;Â time
U+1F560,ğŸ• ,clock face five-thirty,2010,emoji,30;Â 5;Â 5:30;Â clock;Â five;Â symbol;Â thirty;Â time
U+1F555,ğŸ••,clock face six oclock,2010,emoji,00;Â 6;Â 6:00;Â clock;Â oâ€™clock;Â six;Â symbol;Â time
U+1F561,ğŸ•¡,clock face six-thirty,2010,emoji,30;Â 6;Â 6:30;Â clock;Â six;Â symbol;Â thirty;Â time
U+1F556,ğŸ•–,clock face seven oclock,2010,emoji,00;Â 7;Â 7:00;Â clock;Â oâ€™clock;Â seven;Â symbol;Â time
U+1F562,ğŸ•¢,clock face seven-thirty,2010,emoji,30;Â 7;Â 7:30;Â clock;Â seven;Â symbol;Â thirty;Â time
U+1F557,ğŸ•—,clock face eight oclock,2010,emoji,00;Â 8;Â 8:00;Â clock;Â eight;Â oâ€™clock;Â symbol;Â time
U+1F563,ğŸ•£,clock face eight-thirty,2010,emoji,30;Â 8;Â 8:30;Â clock;Â eight;Â symbol;Â thirty;Â time
U+1F558,ğŸ•˜,clock face nine oclock,2010,emoji,00;Â 9;Â 9:00;Â clock;Â nine;Â oâ€™clock;Â symbol;Â time
U+1F564,ğŸ•¤,clock face nine-thirty,2010,emoji,30;Â 9;Â 9:30;Â clock;Â nine;Â symbol;Â thirty;Â time
U+1F559,ğŸ•™,clock face ten oclock,2010,emoji,00;Â 10;Â 10:00;Â clock;Â oâ€™clock;Â symbol;Â ten;Â time
U+1F565,ğŸ•¥,clock face ten-thirty,2010,emoji,10;Â 10:30;Â 30;Â clock;Â symbol;Â ten;Â thirty;Â time
U+1F55A,ğŸ•š,clock face eleven oclock,2010,emoji,00;Â 11;Â 11:00;Â clock;Â eleven;Â oâ€™clock;Â symbol;Â time
U+1F566,ğŸ•¦,clock face eleven-thirty,2010,emoji,11;Â 11:30;Â 30;Â clock;Â eleven;Â symbol;Â thirty;Â time
U+1F311,ğŸŒ‘,new moon symbol,2010,emoji,dark;Â moon;Â nature;Â place;Â space;Â time;Â weather
U+1F312,ğŸŒ’,waxing crescent moon symbol,2010,emoji,crescent;Â moon;Â nature;Â place;Â space;Â time;Â waxing;Â weather
U+1F313,ğŸŒ“,first quarter moon symbol,2010,emoji,moon;Â nature;Â place;Â quarter;Â space;Â time;Â weather
U+1F314,ğŸŒ”,waxing gibbous moon symbol,2010,emoji,gibbous;Â moon;Â nature;Â place;Â space;Â time;Â waxing;Â weather
U+1F315,ğŸŒ•,full moon symbol,2010,emoji,full;Â moon;Â nature;Â place;Â space;Â time;Â weather
U+1F316,ğŸŒ–,waning gibbous moon symbol,2010,emoji,gibbous;Â moon;Â nature;Â place;Â space;Â time;Â waning;Â weather
U+1F317,ğŸŒ—,last quarter moon symbol,2010,emoji,moon;Â nature;Â place;Â quarter;Â space;Â time;Â weather
U+1F318,ğŸŒ˜,waning crescent moon symbol,2010,emoji,crescent;Â moon;Â nature;Â place;Â space;Â time;Â waning;Â weather
U+1F319,ğŸŒ™,crescent moon,2010,emoji,crescent;Â moon;Â nature;Â place;Â space;Â time;Â weather
U+1F31A,ğŸŒš,new moon with face,2010,emoji,face;Â moon;Â nature;Â place;Â space;Â time;Â weather
U+1F31B,ğŸŒ›,first quarter moon with face,2010,emoji,face;Â moon;Â nature;Â place;Â quarter;Â space;Â weather
U+1F31C,ğŸŒœ,last quarter moon with face,2010,emoji,face;Â moon;Â nature;Â place;Â quarter;Â space;Â weather
U+2600,â˜€ï¸,black sun with rays,1995,text,bright;Â nature;Â rays;Â space;Â sun;Â sunny;Â weather
U+1F31D,ğŸŒ,full moon with face,2010,emoji,bright;Â face;Â full;Â moon;Â nature;Â place;Â space;Â weather
U+1F31E,ğŸŒ,sun with face,2010,emoji,bright;Â face;Â nature;Â place;Â space;Â sun;Â weather
U+2B50,â­ï¸,white medium star,2008,emoji,nature;Â place;Â star
U+1F31F,ğŸŒŸ,glowing star,2010,emoji,glittery;Â glow;Â object;Â place;Â shining;Â sparkle;Â star
U+1F320,ğŸŒ ,shooting star,2010,emoji,activity;Â falling;Â nature;Â place;Â shooting;Â space;Â star
U+2601,â˜ï¸,cloud,1995,text,cloud;Â nature;Â weather
U+26C5,â›…ï¸,sun behind cloud,2009,emoji,cloud;Â nature;Â sun;Â weather
U+1F300,ğŸŒ€,cyclone,2010,emoji,cyclone;Â dizzy;Â nature;Â twister;Â typhoon;Â weather
U+1F308,ğŸŒˆ,rainbow,2010,emoji,nature;Â rain;Â rainbow;Â weather
U+1F302,ğŸŒ‚,closed umbrella,2010,emoji,clothing;Â nature;Â person;Â rain;Â umbrella;Â weather
U+2614,â˜”ï¸,umbrella with rain drops,2003,emoji,clothing;Â drop;Â nature;Â rain;Â umbrella;Â weather
U+26A1,âš¡ï¸,high voltage sign,2003,emoji,danger;Â electric;Â electricity;Â lightning;Â nature;Â symbol;Â voltage;Â zap
U+2744,â„ï¸,snowflake,1995,text,cold;Â nature;Â snow;Â snowflake;Â weather
U+26C4,â›„ï¸,snowman without snow,2009,emoji,cold;Â nature;Â snow;Â snowman;Â weather
U+1F525,ğŸ”¥,fire,2010,emoji,fire;Â flame;Â object;Â tool
U+1F4A7,ğŸ’§,droplet,2010,emoji,cold;Â comic;Â drop;Â emotion;Â nature;Â object;Â person;Â sweat;Â weather
U+1F30A,ğŸŒŠ,water wave,2010,emoji,nature;Â ocean;Â place;Â water;Â wave;Â weather
U+1F383,ğŸƒ,jack-o-lantern,2010,emoji,activity;Â celebration;Â entertainment;Â halloween;Â jack;Â lantern;object
U+1F384,ğŸ„,christmas tree,2010,emoji,activity;Â celebration;Â christmas;Â entertainment;Â object;Â tree
U+1F386,ğŸ†,fireworks,2010,emoji,activity;Â celebration;Â entertainment;Â fireworks;Â object
U+1F387,ğŸ‡,firework sparkler,2010,emoji,activity;Â celebration;Â entertainment;Â fireworks;Â object;Â sparkle
U+2728,âœ¨,sparkles,2010,emoji,emotion;Â entertainment;Â object;Â sign;Â sparkle;Â star
U+1F388,ğŸˆ,red balloon,2010,emoji,activity;Â balloon;Â celebration;Â entertainment;Â object
U+1F389,ğŸ‰,party popper,2010,emoji,activity;Â celebration;Â entertainment;Â object;Â party;Â popper;Â tada
U+1F38A,ğŸŠ,confetti ball,2010,emoji,activity;Â ball;Â celebration;Â confetti;Â entertainment;Â object
U+1F38B,ğŸ‹,tanabata tree,2010,emoji,activity;Â banner;Â celebration;Â entertainment;Â japanese;Â object;Â tree
U+1F38C,ğŸŒ,crossed flags,2010,emoji,activity;Â celebration;Â cross;Â crossed;Â flag;Â japanese;Â object
U+1F38D,ğŸ,pine decoration,2010,emoji,activity;Â bamboo;Â celebration;Â japanese;Â object;Â pine;Â plant
U+1F38E,ğŸ,japanese dolls,2010,emoji,activity;Â celebration;Â doll;Â entertainment;Â festival;Â japanese;Â object
U+1F38F,ğŸ,carp streamer,2010,emoji,activity;Â carp;Â celebration;Â entertainment;Â flag;Â object;Â streamer
U+1F390,ğŸ,wind chime,2010,emoji,activity;Â bell;Â celebration;Â chime;Â entertainment;Â object;Â wind
U+1F391,ğŸ‘,moon viewing ceremony,2010,emoji,activity;Â celebration;Â ceremony;Â entertainment;Â moon;Â nature;object
U+1F380,ğŸ€,ribbon,2010,emoji,celebration;Â emotion;Â object;Â person;Â ribbon
U+1F381,ğŸ,wrapped present,2010,emoji,box;Â celebration;Â entertainment;Â gift;Â object;Â present;Â wrapped
U+1F3AB,ğŸ«,ticket,2010,emoji,activity;Â admission;Â entertainment;Â object;Â place;Â ticket
U+26BD,âš½ï¸,soccer ball,2009,emoji,ball;Â object;Â place;Â soccer;Â sport
U+26BE,âš¾ï¸,baseball,2009,emoji,ball;Â baseball;Â object;Â place;Â sport
U+1F3C0,ğŸ€,basketball and hoop,2010,emoji,ball;Â basketball;Â hoop;Â object;Â place;Â sport
U+1F3C8,ğŸˆ,american football,2010,emoji,american;Â ball;Â football;Â object;Â place;Â sport
U+1F3C9,ğŸ‰,rugby football,2010,emoji,ball;Â football;Â object;Â place;Â rugby;Â sport
U+1F3BE,ğŸ¾,tennis racquet and ball,2010,emoji,ball;Â object;Â place;Â racquet;Â sport;Â tennis
U+1F3B1,ğŸ±,billiards,2010,emoji,8;Â 8 ball;Â ball;Â billiard;Â eight;Â game;Â object;Â place;Â sport
U+1F3B3,ğŸ³,bowling,2010,emoji,ball;Â bowling;Â game;Â object;Â place;Â sport
U+26F3,â›³ï¸,flag in hole,2009,emoji,flag;Â golf;Â hole;Â object;Â place;Â sport;Â travel
U+1F3A3,ğŸ£,fishing pole and fish,2010,emoji,entertainment;Â fish;Â object;Â place;Â pole;Â sport
U+1F3BD,ğŸ½,running shirt with sash,2010,emoji,person;Â place;Â running;Â sash;Â shirt;Â sport
U+1F3BF,ğŸ¿,ski and ski boot,2010,emoji,object;Â ski;Â snow;Â sport
U+1F3C2,ğŸ‚,snowboarder,2010,emoji,person;Â ski;Â snow;Â snowboard;Â sport
U+1F3C4,ğŸ„,surfer,2010,emoji,person;Â sport;Â surfer;Â surfing
U+1F3C7,ğŸ‡,horse racing,2010,emoji,horse;Â jockey;Â person;Â racehorse;Â racing;Â sport;Â travel
U+1F3CA,ğŸŠ,swimmer,2010,emoji,person;Â sport;Â swim;Â swimmer;Â travel
U+1F6B4,ğŸš´,bicyclist,2010,emoji,bicycle;Â bicyclist;Â bike;Â cyclist;Â person;Â place;Â sport;Â travel
U+1F6B5,ğŸšµ,mountain bicyclist,2010,emoji,bicycle;Â bicyclist;Â bike;Â cyclist;Â mountain;Â person;Â place;Â sport;travel
U+1F3C6,ğŸ†,trophy,2010,emoji,object;Â place;Â prize;Â sport;Â trophy
U+1F3AF,ğŸ¯,direct hit,2010,emoji,activity;Â bull;Â bullseye;Â dart;Â entertainment;Â eye;Â game;Â hit;Â object;target
U+1F3AE,ğŸ®,video game,2010,emoji,controller;Â entertainment;Â game;Â object;Â video game
U+1F3B2,ğŸ²,game die,2010,emoji,dice;Â die;Â entertainment;Â game;Â object
U+2660,â™ ï¸,black spade suit,1995,text,card;Â game;Â spade;Â suit;Â symbol
U+2665,â™¥ï¸,black heart suit,1995,text,card;Â emotion;Â game;Â heart;Â hearts;Â suit;Â symbol
U+2666,â™¦ï¸,black diamond suit,1995,text,card;Â diamond;Â diamonds;Â game;Â suit;Â symbol
U+2663,â™£ï¸,black club suit,1995,text,card;Â club;Â clubs;Â game;Â suit;Â symbol
U+1F0CF,ğŸƒ,playing card black joker,2010,emoji,card;Â entertainment;Â game;Â joker;Â object;Â playing
U+1F004,ğŸ€„ï¸,mahjong tile red dragon,2008,emoji,game;Â mahjong;Â object;Â red
U+1F3B4,ğŸ´,flower playing cards,2010,emoji,activity;Â card;Â entertainment;Â flower;Â game;Â japanese;Â object;playing
U+1F507,ğŸ”‡,speaker with cancellation stroke,2010,emoji,mute;Â object;Â quiet;Â silent;Â sound;Â speaker;Â volume
U+1F508,ğŸ”ˆ,speaker,2010,emoji,object;Â sound;Â speaker;Â volume
U+1F509,ğŸ”‰,speaker with one sound wave,2010,emoji,low;Â object;Â sound;Â speaker;Â volume;Â wave
U+1F50A,ğŸ”Š,speaker with three sound waves,2010,emoji,3;Â entertainment;Â high;Â loud;Â object;Â sound;Â speaker;Â three;Â volume
U+1F4E2,ğŸ“¢,public address loudspeaker,2010,emoji,communication;Â loud;Â loudspeaker;Â object;Â public address;Â sound
U+1F4E3,ğŸ“£,cheering megaphone,2010,emoji,cheering;Â communication;Â megaphone;Â object;Â sound
U+1F4EF,ğŸ“¯,postal horn,2010,emoji,communication;Â entertainment;Â horn;Â object;Â post;Â postal;Â sound
U+1F514,ğŸ””,bell,2010,emoji,bell;Â object;Â sound
U+1F515,ğŸ”•,bell with cancellation stroke,2010,emoji,bell;Â forbidden;Â mute;Â no;Â not;Â object;Â prohibited;Â quiet;Â silent;sound
U+1F3BC,ğŸ¼,musical score,2010,emoji,activity;Â entertainment;Â music;Â object;Â score;Â sound
U+1F3B5,ğŸµ,musical note,2010,emoji,activity;Â entertainment;Â music;Â note;Â object;Â sound
U+1F3B6,ğŸ¶,multiple musical notes,2010,emoji,activity;Â entertainment;Â music;Â note;Â notes;Â object;Â sound
U+1F3A4,ğŸ¤,microphone,2010,emoji,activity;Â entertainment;Â karaoke;Â mic;Â microphone;Â object;Â sound
U+1F3A7,ğŸ§,headphone,2010,emoji,activity;Â earbud;Â entertainment;Â headphone;Â object;Â sound
U+1F3B7,ğŸ·,saxophone,2010,emoji,activity;Â entertainment;Â instrument;Â music;Â object;Â sax;Â saxophone;sound
U+1F3B8,ğŸ¸,guitar,2010,emoji,activity;Â entertainment;Â guitar;Â instrument;Â music;Â object;Â sound
U+1F3B9,ğŸ¹,musical keyboard,2010,emoji,activity;Â entertainment;Â instrument;Â keyboard;Â music;Â object;piano;Â sound
U+1F3BA,ğŸº,trumpet,2010,emoji,activity;Â entertainment;Â instrument;Â music;Â object;Â sound;Â trumpet
U+1F3BB,ğŸ»,violin,2010,emoji,activity;Â entertainment;Â instrument;Â music;Â object;Â sound;Â violin
U+1F4FB,ğŸ“»,radio,2010,emoji,entertainment;Â object;Â radio;Â video
U+1F4F1,ğŸ“±,mobile phone,2010,emoji,cell;Â communication;Â mobile;Â object;Â phone;Â telephone
U+1F4F2,ğŸ“²,mobile phone with rightwards arrow at left,2010,emoji,arrow;Â call;Â cell;Â communication;Â mobile;Â object;Â phone;Â receive;telephone
U+260E,â˜ï¸,black telephone,1995,text,object;Â office;Â phone;Â sound;Â telephone
U+1F4DE,ğŸ“,telephone receiver,2010,emoji,communication;Â object;Â phone;Â receiver;Â sound;Â telephone
U+1F4DF,ğŸ“Ÿ,pager,2010,emoji,communication;Â object;Â office;Â pager
U+1F4E0,ğŸ“ ,fax machine,2010,emoji,communication;Â fax;Â object;Â office
U+1F50B,ğŸ”‹,battery,2010,emoji,battery;Â object
U+1F50C,ğŸ”Œ,electric plug,2010,emoji,electric;Â electricity;Â object;Â plug
U+1F4BB,ğŸ’»,personal computer,2010,emoji,computer;Â object;Â office;Â pc;Â personal
U+1F4BD,ğŸ’½,minidisc,2010,emoji,computer;Â disk;Â entertainment;Â minidisk;Â object;Â office;Â optical
U+1F4BE,ğŸ’¾,floppy disk,2010,emoji,computer;Â disk;Â floppy;Â object;Â office
U+1F4BF,ğŸ’¿,optical disc,2010,emoji,blu-ray;Â cd;Â computer;Â disk;Â dvd;Â object;Â office;Â optical
U+1F4C0,ğŸ“€,dvd,2010,emoji,blu-ray;Â cd;Â computer;Â disk;Â dvd;Â entertainment;Â object;Â office;optical
U+1F3A5,ğŸ¥,movie camera,2010,emoji,activity;Â camera;Â cinema;Â entertainment;Â movie;Â object
U+1F3AC,ğŸ¬,clapper board,2010,emoji,activity;Â clapper;Â entertainment;Â movie;Â object
U+1F4FA,ğŸ“º,television,2010,emoji,entertainment;Â object;Â television;Â tv;Â video
U+1F4F7,ğŸ“·,camera,2010,emoji,camera;Â entertainment;Â object;Â video
U+1F4F9,ğŸ“¹,video camera,2010,emoji,camera;Â entertainment;Â object;Â video
U+1F4FC,ğŸ“¼,videocassette,2010,emoji,entertainment;Â object;Â tape;Â vhs;Â video;Â videocassette
U+1F50D,ğŸ”,left-pointing magnifying glass,2010,emoji,glass;Â magnifying;Â object;Â search;Â tool
U+1F50E,ğŸ”,right-pointing magnifying glass,2010,emoji,glass;Â magnifying;Â object;Â search;Â tool
U+1F52C,ğŸ”¬,microscope,2010,emoji,microscope;Â object;Â tool
U+1F52D,ğŸ”­,telescope,2010,emoji,object;Â telescope;Â tool
U+1F4E1,ğŸ“¡,satellite antenna,2010,emoji,antenna;Â communication;Â dish;Â object;Â office;Â satellite
U+1F4A1,ğŸ’¡,electric light bulb,2010,emoji,bulb;Â comic;Â electric;Â idea;Â light;Â object
U+1F526,ğŸ”¦,electric torch,2010,emoji,electric;Â flashlight;Â light;Â object;Â tool;Â torch
U+1F3EE,ğŸ®,izakaya lantern,2010,emoji,bar;Â japanese;Â lantern;Â light;Â place;Â red
U+1F4D4,ğŸ“”,notebook with decorative cover,2010,emoji,book;Â cover;Â decorated;Â education;Â notebook;Â object;Â office
U+1F4D5,ğŸ“•,closed book,2010,emoji,book;Â closed;Â education;Â object;Â office
U+1F4D6,ğŸ“–,open book,2010,emoji,book;Â education;Â object;Â office;Â open
U+1F4D7,ğŸ“—,green book,2010,emoji,book;Â education;Â green;Â object;Â office
U+1F4D8,ğŸ“˜,blue book,2010,emoji,blue;Â book;Â education;Â object;Â office
U+1F4D9,ğŸ“™,orange book,2010,emoji,book;Â education;Â object;Â office;Â orange
U+1F4DA,ğŸ“š,books,2010,emoji,book;Â books;Â education;Â object;Â office
U+1F4D3,ğŸ““,notebook,2010,emoji,notebook;Â object;Â office
U+1F4D2,ğŸ“’,ledger,2010,emoji,ledger;Â notebook;Â object;Â office
U+1F4C3,ğŸ“ƒ,page with curl,2010,emoji,curl;Â document;Â object;Â office;Â page
U+1F4DC,ğŸ“œ,scroll,2010,emoji,object;Â office;Â paper;Â scroll
U+1F4C4,ğŸ“„,page facing up,2010,emoji,document;Â object;Â office;Â page
U+1F4F0,ğŸ“°,newspaper,2010,emoji,communication;Â news;Â newspaper;Â object;Â paper
U+1F4D1,ğŸ“‘,bookmark tabs,2010,emoji,bookmark;Â mark;Â marker;Â object;Â office;Â tabs
U+1F516,ğŸ”–,bookmark,2010,emoji,bookmark;Â mark;Â object
U+1F4B0,ğŸ’°,money bag,2010,emoji,bag;Â dollar;Â money;Â moneybag;Â object;Â office
U+1F4B4,ğŸ’´,banknote with yen sign,2010,emoji,bank;Â banknote;Â bill;Â currency;Â money;Â note;Â object;Â office;Â yen
U+1F4B5,ğŸ’µ,banknote with dollar sign,2010,emoji,bank;Â banknote;Â bill;Â currency;Â dollar;Â money;Â note;Â object;Â office
U+1F4B6,ğŸ’¶,banknote with euro sign,2010,emoji,bank;Â banknote;Â bill;Â currency;Â euro;Â money;Â note;Â object;Â office
U+1F4B7,ğŸ’·,banknote with pound sign,2010,emoji,bank;Â banknote;Â bill;Â currency;Â money;Â note;Â object;Â office;Â pound
U+1F4B8,ğŸ’¸,money with wings,2010,emoji,bank;Â banknote;Â bill;Â dollar;Â fly;Â money;Â note;Â object;Â office;Â wings
U+1F4B3,ğŸ’³,credit card,2010,emoji,bank;Â card;Â credit;Â money;Â object;Â office
U+1F4B9,ğŸ’¹,chart with upwards trend and yen sign,2010,emoji,bank;Â chart;Â currency;Â graph;Â growth;Â market;Â money;Â object;office;Â rise;Â symbol;Â trend;Â upward;Â yen
U+2709,âœ‰ï¸,envelope,1995,text,e-mail;Â email;Â envelope;Â object;Â office
U+1F4E7,ğŸ“§,e-mail symbol,2010,emoji,communication;Â e-mail;Â email;Â letter;Â mail;Â object;Â office
U+1F4E8,ğŸ“¨,incoming envelope,2010,emoji,communication;Â e-mail;Â email;Â envelope;Â incoming;Â letter;Â mail;object;Â office;Â receive
U+1F4E9,ğŸ“©,envelope with downwards arrow above,2010,emoji,arrow;Â communication;Â down;Â e-mail;Â email;Â envelope;Â letter;mail;Â object;Â office;Â outgoing;Â sent
U+1F4E4,ğŸ“¤,outbox tray,2010,emoji,box;Â communication;Â letter;Â mail;Â object;Â office;Â outbox;Â sent;Â tray
U+1F4E5,ğŸ“¥,inbox tray,2010,emoji,box;Â communication;Â inbox;Â letter;Â mail;Â object;Â office;Â receive;tray
U+1F4E6,ğŸ“¦,package,2010,emoji,box;Â communication;Â object;Â office;Â package;Â parcel
U+1F4EB,ğŸ“«,closed mailbox with raised flag,2010,emoji,closed;Â communication;Â flag;Â mail;Â mailbox;Â object;Â office;postbox
U+1F4EA,ğŸ“ª,closed mailbox with lowered flag,2010,emoji,closed;Â communication;Â flag;Â lowered;Â mail;Â mailbox;Â object;office;Â postbox
U+1F4EC,ğŸ“¬,open mailbox with raised flag,2010,emoji,communication;Â flag;Â mail;Â mailbox;Â object;Â office;Â open;Â postbox
U+1F4ED,ğŸ“­,open mailbox with lowered flag,2010,emoji,communication;Â flag;Â lowered;Â mail;Â mailbox;Â object;Â office;Â open;postbox
U+1F4EE,ğŸ“®,postbox,2010,emoji,communication;Â mail;Â mailbox;Â object;Â office;Â postbox
U+270F,âœï¸,pencil,1995,text,object;Â office;Â pencil
U+2712,âœ’ï¸,black nib,1995,text,nib;Â object;Â office;Â pen
U+1F4DD,ğŸ“,memo,2010,emoji,communication;Â memo;Â object;Â office;Â pencil
U+1F4BC,ğŸ’¼,briefcase,2010,emoji,briefcase;Â object;Â office;Â person
U+1F4C1,ğŸ“,file folder,2010,emoji,file;Â folder;Â object;Â office
U+1F4C2,ğŸ“‚,open file folder,2010,emoji,file;Â folder;Â object;Â office;Â open
U+1F4C5,ğŸ“…,calendar,2010,emoji,calendar;Â date;Â object;Â office
U+1F4C6,ğŸ“†,tear-off calendar,2010,emoji,calendar;Â object;Â office
U+1F4C7,ğŸ“‡,card index,2010,emoji,card;Â index;Â object;Â office;Â rolodex
U+1F4C8,ğŸ“ˆ,chart with upwards trend,2010,emoji,chart;Â graph;Â growth;Â object;Â office;Â trend;Â upward
U+1F4C9,ğŸ“‰,chart with downwards trend,2010,emoji,chart;Â down;Â graph;Â object;Â office;Â trend
U+1F4CA,ğŸ“Š,bar chart,2010,emoji,bar;Â chart;Â graph;Â object;Â office
U+1F4CB,ğŸ“‹,clipboard,2010,emoji,clipboard;Â object;Â office
U+1F4CC,ğŸ“Œ,pushpin,2010,emoji,object;Â office;Â pin;Â pushpin
U+1F4CD,ğŸ“,round pushpin,2010,emoji,object;Â office;Â pin;Â place;Â pushpin
U+1F4CE,ğŸ“,paperclip,2010,emoji,object;Â office;Â paperclip
U+1F4CF,ğŸ“,straight ruler,2010,emoji,object;Â office;Â ruler;Â straight edge
U+1F4D0,ğŸ“,triangular ruler,2010,emoji,object;Â office;Â ruler;Â set;Â triangle
U+2702,âœ‚ï¸,black scissors,1995,text,object;Â office;Â scissors;Â tool
U+1F512,ğŸ”’,lock,2010,emoji,closed;Â lock;Â object
U+1F513,ğŸ”“,open lock,2010,emoji,lock;Â object;Â open;Â unlock
U+1F50F,ğŸ”,lock with ink pen,2010,emoji,ink;Â lock;Â nib;Â object;Â pen;Â privacy
U+1F510,ğŸ”,closed lock with key,2010,emoji,closed;Â key;Â lock;Â object;Â secure
U+1F511,ğŸ”‘,key,2010,emoji,key;Â lock;Â object;Â password
U+1F528,ğŸ”¨,hammer,2010,emoji,hammer;Â object;Â tool
U+1F527,ğŸ”§,wrench,2010,emoji,object;Â tool;Â wrench
U+1F529,ğŸ”©,nut and bolt,2010,emoji,bolt;Â nut;Â object;Â tool
U+1F517,ğŸ”—,link symbol,2010,emoji,link;Â object;Â symbol
U+1F489,ğŸ’‰,syringe,2010,emoji,doctor;Â medicine;Â needle;Â object;Â shot;Â sick;Â syringe;Â tool
U+1F48A,ğŸ’Š,pill,2010,emoji,doctor;Â medicine;Â object;Â pill;Â sick
U+1F52A,ğŸ”ª,hocho,2010,emoji,cooking;Â hocho;Â knife;Â object;Â tool;Â weapon
U+1F52B,ğŸ”«,pistol,2010,emoji,gun;Â object;Â pistol;Â revolver;Â tool;Â weapon
U+1F3C1,ğŸ,chequered flag,2010,emoji,checkered;Â chequered;Â flag;Â object;Â place;Â racing;Â sport
U+1F6A9,ğŸš©,triangular flag on post,2010,emoji,flag;Â object;Â place;Â post;Â travel
U+1F6AC,ğŸš¬,smoking symbol,2010,emoji,activity;Â object;Â smoking
U+1F5FF,ğŸ—¿,moyai,2010,emoji,face;Â moyai;Â place;Â statue;Â travel
U+1F52E,ğŸ”®,crystal ball,2010,emoji,ball;Â crystal;Â fairy tale;Â fantasy;Â fortune;Â object;Â tool
U+1F3E7,ğŸ§,automated teller machine,2010,emoji,atm;Â automated;Â bank;Â place;Â sign;Â symbol;Â teller
U+1F6AE,ğŸš®,put litter in its place symbol,2010,emoji,litter;Â litterbox;Â place;Â symbol;Â travel
U+1F6B0,ğŸš°,potable water symbol,2010,emoji,drink;Â potable;Â sign;Â symbol;Â travel;Â water
U+267F,â™¿ï¸,wheelchair symbol,2005,emoji,access;Â sign;Â symbol;Â travel;Â wheelchair
U+1F6B9,ğŸš¹,mens symbol,2010,emoji,lavatory;Â man;Â restroom;Â sign;Â symbol;Â travel;Â wc
U+1F6BA,ğŸšº,womens symbol,2010,emoji,lavatory;Â restroom;Â sign;Â symbol;Â travel;Â wc;Â woman
U+1F6BB,ğŸš»,restroom,2010,emoji,lavatory;Â restroom;Â sign;Â symbol;Â travel;Â wc
U+1F6BC,ğŸš¼,orange baby symbol,2010,emoji,baby;Â changing;Â sign;Â symbol;Â travel
U+1F6BE,ğŸš¾,water closet,2010,emoji,closet;Â lavatory;Â place;Â restroom;Â sign;Â symbol;Â travel;Â water;Â wc
U+1F6C2,ğŸ›‚,passport control,2010,emoji,control;Â passport;Â place;Â sign;Â symbol;Â travel
U+1F6C3,ğŸ›ƒ,customs,2010,emoji,customs;Â place;Â sign;Â symbol;Â travel
U+1F6C4,ğŸ›„,baggage claim,2010,emoji,baggage;Â claim;Â place;Â sign;Â symbol;Â travel
U+1F6C5,ğŸ›…,left luggage,2010,emoji,baggage;Â left luggage;Â locker;Â luggage;Â place;Â sign;Â symbol;Â travel
U+26A0,âš ï¸,warning sign,2003,text,place;Â symbol;Â travel;Â warning
U+1F6B8,ğŸš¸,children crossing,2010,emoji,child;Â crossing;Â pedestrian;Â place;Â sign;Â symbol;Â traffic;Â travel
U+26D4,â›”ï¸,no entry,2009,emoji,entry;Â forbidden;Â no;Â not;Â prohibited;Â symbol;Â traffic;Â travel
U+1F6AB,ğŸš«,no entry sign,2010,emoji,entry;Â forbidden;Â no;Â not;Â prohibited;Â symbol;Â travel
U+1F6B3,ğŸš³,no bicycles,2010,emoji,bicycle;Â bike;Â forbidden;Â no;Â not;Â place;Â prohibited;Â sign;Â sport;symbol;Â travel;Â vehicle
U+1F6AD,ğŸš­,no smoking symbol,2010,emoji,forbidden;Â no;Â not;Â prohibited;Â sign;Â smoking;Â symbol;Â travel
U+1F6AF,ğŸš¯,do not litter symbol,2010,emoji,forbidden;Â litter;Â no;Â not;Â prohibited;Â sign;Â symbol;Â travel
U+1F6B1,ğŸš±,non-potable water symbol,2010,emoji,drink;Â forbidden;Â no;Â not;Â potable;Â prohibited;Â sign;Â symbol;Â travel;water
U+1F6B7,ğŸš·,no pedestrians,2010,emoji,forbidden;Â no;Â not;Â pedestrian;Â place;Â prohibited;Â sign;Â symbol;travel
U+2B06,â¬†ï¸,upwards black arrow,2003,text,arrow;Â cardinal;Â direction;Â north;Â symbol
U+2197,â†—ï¸,north east arrow,1995,text,arrow;Â direction;Â intercardinal;Â northeast;Â symbol
U+27A1,â¡ï¸,black rightwards arrow,1995,text,arrow;Â cardinal;Â direction;Â east;Â symbol
U+2198,â†˜ï¸,south east arrow,1995,text,arrow;Â direction;Â intercardinal;Â southeast;Â symbol
U+2B07,â¬‡ï¸,downwards black arrow,2003,text,arrow;Â cardinal;Â direction;Â down;Â south;Â symbol
U+2199,â†™ï¸,south west arrow,1995,text,arrow;Â direction;Â intercardinal;Â southwest;Â symbol
U+2B05,â¬…ï¸,leftwards black arrow,2003,text,arrow;Â cardinal;Â direction;Â symbol;Â west
U+2196,â†–ï¸,north west arrow,1995,text,arrow;Â direction;Â intercardinal;Â northwest;Â symbol
U+2195,â†•ï¸,up down arrow,1995,text,arrow;Â symbol
U+2194,â†”ï¸,left right arrow,1995,text,arrow;Â symbol
U+21A9,â†©ï¸,leftwards arrow with hook,1995,text,arrow;Â symbol
U+21AA,â†ªï¸,rightwards arrow with hook,1995,text,arrow;Â symbol
U+2934,â¤´ï¸,arrow pointing rightwards then curving upwards,2002,text,arrow;Â symbol
U+2935,â¤µï¸,arrow pointing rightwards then curving downwards,2002,text,arrow;Â down;Â symbol
U+1F503,ğŸ”ƒ,clockwise downwards and upwards open circle arrows,2010,emoji,arrow;Â clockwise;Â reload;Â symbol
U+1F504,ğŸ”„,anticlockwise downwards and upwards open circle arrows,2010,emoji,anticlockwise;Â arrow;Â counterclockwise;Â symbol;Â withershins
U+1F519,ğŸ”™,back with leftwards arrow above,2010,emoji,arrow;Â back;Â symbol
U+1F51A,ğŸ”š,end with leftwards arrow above,2010,emoji,arrow;Â end;Â symbol
U+1F51B,ğŸ”›,on with exclamation mark with left right arrow above,2010,emoji,arrow;Â mark;Â on;Â symbol
U+1F51C,ğŸ”œ,soon with rightwards arrow above,2010,emoji,arrow;Â soon;Â symbol
U+1F51D,ğŸ”,top with upwards arrow above,2010,emoji,arrow;Â symbol;Â top;Â up
U+1F52F,ğŸ”¯,six pointed star with middle dot,2010,emoji,fortune;Â object;Â star;Â symbol
U+267B,â™»ï¸,black universal recycling symbol,2002,text,recycle;Â sign;Â symbol
U+1F4DB,ğŸ“›,name badge,2010,emoji,badge;Â name;Â object;Â office
U+1F530,ğŸ”°,japanese symbol for beginner,2010,emoji,beginner;Â chevron;Â green;Â japanese;Â leaf;Â object;Â tool;Â yellow
U+1F531,ğŸ”±,trident emblem,2010,emoji,anchor;Â emblem;Â object;Â ship;Â symbol;Â tool;Â trident
U+2B55,â­•ï¸,heavy large circle,2009,emoji,circle;Â o;Â symbol;Â travel
U+2705,âœ…,white heavy check mark,2010,emoji,check;Â mark;Â sign;Â symbol
U+2611,â˜‘ï¸,ballot box with check,1995,text,ballot;Â box;Â check;Â sign;Â symbol
U+2714,âœ”ï¸,heavy check mark,1995,text,check;Â mark;Â sign;Â symbol
U+2716,âœ–ï¸,heavy multiplication x,1995,text,cancel;Â multiplication;Â multiply;Â sign;Â symbol;Â x
U+274C,âŒ,cross mark,2010,emoji,cancel;Â mark;Â multiplication;Â multiply;Â sign;Â symbol;Â x
U+274E,â,negative squared cross mark,2010,emoji,mark;Â sign;Â square;Â symbol
U+2795,â•,heavy plus sign,2010,emoji,math;Â plus;Â sign;Â symbol
U+2796,â–,heavy minus sign,2010,emoji,math;Â minus;Â sign;Â symbol
U+2797,â—,heavy division sign,2010,emoji,division;Â math;Â sign;Â symbol
U+27B0,â°,curly loop,2010,emoji,curl;Â loop;Â sign;Â symbol
U+27BF,â¿,double curly loop,2010,emoji,curl;Â double;Â loop;Â sign;Â symbol
U+303D,ã€½ï¸,part alternation mark,2002,text,mark;Â part;Â sign;Â symbol
U+2733,âœ³ï¸,eight spoked asterisk,1995,text,asterisk;Â sign;Â symbol
U+2734,âœ´ï¸,eight pointed black star,1995,text,sign;Â star;Â symbol
U+2747,â‡ï¸,sparkle,1995,text,sign;Â sparkle;Â symbol
U+1F4B1,ğŸ’±,currency exchange,2010,emoji,bank;Â currency;Â exchange;Â money;Â object;Â office;Â symbol
U+1F4B2,ğŸ’²,heavy dollar sign,2010,emoji,currency;Â dollar;Â money;Â object;Â office;Â symbol
U+203C,â€¼ï¸,double exclamation mark,1995,text,bangbang;Â exclamation;Â mark;Â punctuation;Â symbol;Â word
U+2049,â‰ï¸,exclamation question mark,2000,text,exclamation;Â interrobang;Â mark;Â punctuation;Â question;Â symbol;word
U+2753,â“,black question mark ornament,2010,emoji,mark;Â punctuation;Â question;Â symbol;Â word
U+2754,â”,white question mark ornament,2010,emoji,mark;Â outlined;Â punctuation;Â question;Â symbol;Â word
U+2755,â•,white exclamation mark ornament,2010,emoji,exclamation;Â mark;Â outlined;Â punctuation;Â symbol;Â word
U+2757,â—ï¸,heavy exclamation mark symbol,2009,emoji,exclamation;Â mark;Â punctuation;Â symbol;Â word
U+3030,ã€°ï¸,wavy dash,1995,text,dash;Â punctuation;Â sound;Â symbol;Â wavy
U+00A9,Â©ï¸,copyright sign,1995,text,copyright;Â symbol;Â word
U+00AE,Â®ï¸,registered sign,1995,text,registered;Â symbol;Â word
U+2122,â„¢ï¸,trade mark sign,1995,text,mark;Â symbol;Â tm;Â trademark;Â word
U+2648,â™ˆï¸,aries,1995,emoji,aries;Â ram;Â symbol;Â time;Â zodiac
U+2649,â™‰ï¸,taurus,1995,emoji,bull;Â ox;Â symbol;Â taurus;Â time;Â zodiac
U+264A,â™Šï¸,gemini,1995,emoji,gemini;Â symbol;Â time;Â twins;Â zodiac
U+264B,â™‹ï¸,cancer,1995,emoji,cancer;Â crab;Â symbol;Â time;Â zodiac
U+264C,â™Œï¸,leo,1995,emoji,leo;Â lion;Â symbol;Â time;Â zodiac
U+264D,â™ï¸,virgo,1995,emoji,maiden;Â symbol;Â time;Â virgin;Â virgo;Â zodiac
U+264E,â™ï¸,libra,1995,emoji,balance;Â justice;Â libra;Â scales;Â symbol;Â time;Â zodiac
U+264F,â™ï¸,scorpius,1995,emoji,scorpio;Â scorpion;Â scorpius;Â symbol;Â time;Â zodiac
U+2650,â™ï¸,sagittarius,1995,emoji,archer;Â sagittarius;Â symbol;Â time;Â zodiac
U+2651,â™‘ï¸,capricorn,1995,emoji,capricorn;Â goat;Â symbol;Â time;Â zodiac
U+2652,â™’ï¸,aquarius,1995,emoji,aquarius;Â bearer;Â symbol;Â time;Â water;Â zodiac
U+2653,â™“ï¸,pisces,1995,emoji,fish;Â pisces;Â symbol;Â time;Â zodiac
U+26CE,â›,ophiuchus,2010,emoji,bearer;Â ophiuchus;Â serpent;Â snake;Â symbol;Â zodiac
U+1F500,ğŸ”€,twisted rightwards arrows,2010,emoji,arrow;Â crossed;Â symbol
U+1F501,ğŸ”,clockwise rightwards and leftwards open circle arrows,2010,emoji,arrow;Â clockwise;Â repeat;Â symbol
U+1F502,ğŸ”‚,clockwise rightwards and leftwards open circle arrows with circled one overlay,2010,emoji,arrow;Â clockwise;Â once;Â symbol
U+25B6,â–¶ï¸,black right-pointing triangle,1995,text,arrow;Â play;Â right;Â sound;Â symbol;Â triangle
U+23E9,â©,black right-pointing double triangle,2010,emoji,arrow;Â double;Â fast;Â forward;Â sound;Â symbol
U+25C0,â—€ï¸,black left-pointing triangle,1995,text,arrow;Â left;Â reverse;Â sound;Â symbol;Â triangle
U+23EA,âª,black left-pointing double triangle,2010,emoji,arrow;Â double;Â rewind;Â sound;Â symbol
U+1F53C,ğŸ”¼,up-pointing small red triangle,2010,emoji,arrow;Â button;Â red;Â symbol
U+23EB,â«,black up-pointing double triangle,2010,emoji,arrow;Â double;Â sound;Â symbol
U+1F53D,ğŸ”½,down-pointing small red triangle,2010,emoji,arrow;Â button;Â down;Â red;Â symbol
U+23EC,â¬,black down-pointing double triangle,2010,emoji,arrow;Â double;Â down;Â sound;Â symbol
U+1F3A6,ğŸ¦,cinema,2010,emoji,activity;Â camera;Â cinema;Â entertainment;Â film;Â movie;Â object;symbol
U+1F505,ğŸ”…,low brightness symbol,2010,emoji,brightness;Â dim;Â low;Â sign;Â symbol
U+1F506,ğŸ”†,high brightness symbol,2010,emoji,bright;Â brightness;Â sign;Â symbol
U+1F4F6,ğŸ“¶,antenna with bars,2010,emoji,antenna;Â bar;Â cell;Â communication;Â mobile;Â object;Â phone;Â signal;symbol;Â telephone
U+1F4F5,ğŸ“µ,no mobile phones,2010,emoji,cell;Â communication;Â forbidden;Â mobile;Â no;Â not;Â object;Â phone;prohibited;Â symbol;Â telephone
U+1F4F3,ğŸ“³,vibration mode,2010,emoji,cell;Â communication;Â mobile;Â mode;Â object;Â phone;Â symbol;telephone;Â vibration
U+1F4F4,ğŸ“´,mobile phone off,2010,emoji,cell;Â communication;Â mobile;Â object;Â off;Â phone;Â symbol;telephone
U+0023 U+20E3,#ï¸âƒ£,keycap number sign,2000,text,hash;Â keycap;Â pound;Â symbol;Â word
U+0030 U+20E3,0ï¸âƒ£,keycap digit zero,2000,text,0;Â keycap;Â symbol;Â word;Â zero
U+0031 U+20E3,1ï¸âƒ£,keycap digit one,2000,text,1;Â keycap;Â one;Â symbol;Â word
U+0032 U+20E3,2ï¸âƒ£,keycap digit two,2000,text,2;Â keycap;Â symbol;Â two;Â word
U+0033 U+20E3,3ï¸âƒ£,keycap digit three,2000,text,3;Â keycap;Â symbol;Â three;Â word
U+0034 U+20E3,4ï¸âƒ£,keycap digit four,2000,text,4;Â four;Â keycap;Â symbol;Â word
U+0035 U+20E3,5ï¸âƒ£,keycap digit five,2000,text,5;Â five;Â keycap;Â symbol;Â word
U+0036 U+20E3,6ï¸âƒ£,keycap digit six,2000,text,6;Â keycap;Â six;Â symbol;Â word
U+0037 U+20E3,7ï¸âƒ£,keycap digit seven,2000,text,7;Â keycap;Â seven;Â symbol;Â word
U+0038 U+20E3,8ï¸âƒ£,keycap digit eight,2000,text,8;Â eight;Â keycap;Â symbol;Â word
U+0039 U+20E3,9ï¸âƒ£,keycap digit nine,2000,text,9;Â keycap;Â nine;Â symbol;Â word
U+1F51F,ğŸ”Ÿ,keycap ten,2010,emoji,10;Â keycap;Â symbol;Â ten;Â word
U+1F4AF,ğŸ’¯,hundred points symbol,2010,emoji,100;Â full;Â hundred;Â office;Â score;Â symbol
U+1F51E,ğŸ”,no one under eighteen symbol,2010,emoji,18;Â age restriction;Â eighteen;Â forbidden;Â no;Â not;Â prohibited;symbol;Â underage;Â word
U+1F520,ğŸ” ,input symbol for latin capital letters,2010,emoji,input;Â latin;Â letters;Â symbol;Â uppercase;Â word
U+1F521,ğŸ”¡,input symbol for latin small letters,2010,emoji,abcd;Â input;Â latin;Â letters;Â lowercase;Â symbol;Â word
U+1F522,ğŸ”¢,input symbol for numbers,2010,emoji,1234;Â input;Â numbers;Â symbol;Â word
U+1F523,ğŸ”£,input symbol for symbols,2010,emoji,input;Â symbol;Â word
U+1F524,ğŸ”¤,input symbol for latin letters,2010,emoji,abc;Â alphabet;Â input;Â latin;Â letters;Â symbol;Â word
U+1F170,ğŸ…°ï¸,negative squared latin capital letter a,2010,text,a;Â blood;Â symbol;Â word
U+1F18E,ğŸ†,negative squared ab,2010,emoji,ab;Â blood;Â symbol;Â word
U+1F171,ğŸ…±ï¸,negative squared latin capital letter b,2010,text,b;Â blood;Â symbol;Â word
U+1F191,ğŸ†‘,squared cl,2010,emoji,cl;Â symbol;Â word
U+1F192,ğŸ†’,squared cool,2010,emoji,cool;Â symbol;Â word
U+1F193,ğŸ†“,squared free,2010,emoji,free;Â symbol;Â word
U+2139,â„¹ï¸,information source,2000,text,i;Â information;Â symbol;Â word
U+1F194,ğŸ†”,squared id,2010,emoji,id;Â identity;Â symbol;Â word
U+24C2,â“‚ï¸,circled latin capital letter m,1995,text,circle;Â m;Â place;Â symbol;Â word
U+1F195,ğŸ†•,squared new,2010,emoji,new;Â symbol;Â word
U+1F196,ğŸ†–,squared ng,2010,emoji,ng;Â symbol;Â word
U+1F17E,ğŸ…¾ï¸,negative squared latin capital letter o,2010,text,blood;Â o;Â symbol;Â word
U+1F197,ğŸ†—,squared ok,2010,emoji,ok;Â symbol;Â word
U+1F17F,ğŸ…¿ï¸,negative squared latin capital letter p,2009,text,parking;Â place;Â sign;Â symbol;Â word
U+1F198,ğŸ†˜,squared sos,2010,emoji,help;Â sos;Â symbol;Â word
U+1F199,ğŸ†™,squared up with exclamation mark,2010,emoji,mark;Â symbol;Â up;Â word
U+1F19A,ğŸ†š,squared vs,2010,emoji,symbol;Â versus;Â vs;Â word
U+1F201,ğŸˆ,squared katakana koko,2010,emoji,japanese;Â symbol;Â word
U+1F202,ğŸˆ‚ï¸,squared katakana sa,2010,text,japanese;Â symbol;Â word
U+1F237,ğŸˆ·ï¸,squared cjk unified ideograph-6708,2010,text,japanese;Â symbol;Â word
U+1F236,ğŸˆ¶,squared cjk unified ideograph-6709,2010,emoji,japanese;Â symbol;Â word
U+1F22F,ğŸˆ¯ï¸,squared cjk unified ideograph-6307,2009,emoji,japanese;Â symbol;Â word
U+1F250,ğŸ‰,circled ideograph advantage,2010,emoji,japanese;Â symbol;Â word
U+1F239,ğŸˆ¹,squared cjk unified ideograph-5272,2010,emoji,japanese;Â symbol;Â word
U+1F21A,ğŸˆšï¸,squared cjk unified ideograph-7121,2009,emoji,japanese;Â symbol;Â word
U+1F232,ğŸˆ²,squared cjk unified ideograph-7981,2010,emoji,japanese;Â symbol;Â word
U+1F251,ğŸ‰‘,circled ideograph accept,2010,emoji,chinese;Â symbol;Â word
U+1F238,ğŸˆ¸,squared cjk unified ideograph-7533,2010,emoji,chinese;Â symbol;Â word
U+1F234,ğŸˆ´,squared cjk unified ideograph-5408,2010,emoji,chinese;Â symbol;Â word
U+1F233,ğŸˆ³,squared cjk unified ideograph-7a7a,2010,emoji,chinese;Â symbol;Â word
U+3297,ãŠ—ï¸,circled ideograph congratulation,1995,text,chinese;Â congratulation;Â congratulations;Â ideograph;Â symbol;Â word
U+3299,ãŠ™ï¸,circled ideograph secret,1995,text,chinese;Â ideograph;Â secret;Â symbol;Â word
U+1F23A,ğŸˆº,squared cjk unified ideograph-55b6,2010,emoji,chinese;Â symbol;Â word
U+1F235,ğŸˆµ,squared cjk unified ideograph-6e80,2010,emoji,chinese;Â symbol;Â word
U+25AA,â–ªï¸,black small square,1995,text,geometric;Â sign;Â square;Â symbol
U+25AB,â–«ï¸,white small square,1995,text,geometric;Â sign;Â square;Â symbol
U+25FB,â—»ï¸,white medium square,2002,text,geometric;Â sign;Â square;Â symbol
U+25FC,â—¼ï¸,black medium square,2002,text,geometric;Â sign;Â square;Â symbol
U+25FD,â—½ï¸,white medium small square,2002,emoji,geometric;Â sign;Â square;Â symbol
U+25FE,â—¾ï¸,black medium small square,2002,emoji,geometric;Â sign;Â square;Â symbol
U+2B1B,â¬›ï¸,black large square,2008,emoji,geometric;Â sign;Â square;Â symbol
U+2B1C,â¬œï¸,white large square,2008,emoji,geometric;Â sign;Â square;Â symbol
U+1F536,ğŸ”¶,large orange diamond,2010,emoji,diamond;Â geometric;Â orange;Â sign;Â symbol
U+1F537,ğŸ”·,large blue diamond,2010,emoji,blue;Â diamond;Â geometric;Â sign;Â symbol
U+1F538,ğŸ”¸,small orange diamond,2010,emoji,diamond;Â geometric;Â orange;Â sign;Â symbol
U+1F539,ğŸ”¹,small blue diamond,2010,emoji,blue;Â diamond;Â geometric;Â sign;Â symbol
U+1F53A,ğŸ”º,up-pointing red triangle,2010,emoji,geometric;Â red;Â sign;Â symbol
U+1F53B,ğŸ”»,down-pointing red triangle,2010,emoji,down;Â geometric;Â red;Â sign;Â symbol
U+1F4A0,ğŸ’ ,diamond shape with a dot inside,2010,emoji,comic;Â diamond;Â geometric;Â inside;Â sign;Â symbol
U+1F518,ğŸ”˜,radio button,2010,emoji,button;Â geometric;Â radio;Â sign;Â symbol
U+1F532,ğŸ”²,black square button,2010,emoji,button;Â geometric;Â sign;Â square;Â symbol
U+1F533,ğŸ”³,white square button,2010,emoji,button;Â geometric;Â outlined;Â sign;Â square;Â symbol
U+26AA,âšªï¸,medium white circle,2005,emoji,circle;Â geometric;Â sign;Â symbol
U+26AB,âš«ï¸,medium black circle,2005,emoji,circle;Â geometric;Â sign;Â symbol
U+1F534,ğŸ”´,large red circle,2010,emoji,circle;Â geometric;Â red;Â sign;Â symbol
U+1F535,ğŸ”µ,large blue circle,2010,emoji,blue;Â circle;Â geometric;Â sign;Â symbol
U+1F1E8 U+1F1F3,ğŸ‡¨ğŸ‡³,flag for China,2010,emoji,china;Â flag;Â other
U+1F1E9 U+1F1EA,ğŸ‡©ğŸ‡ª,flag for Germany,2010,emoji,flag;Â germany;Â other
U+1F1EA U+1F1F8,ğŸ‡ªğŸ‡¸,flag for Spain,2010,emoji,flag;Â other;Â spain
U+1F1EB U+1F1F7,ğŸ‡«ğŸ‡·,flag for France,2010,emoji,flag;Â france;Â other
U+1F1EC U+1F1E7,ğŸ‡¬ğŸ‡§,flag for United Kingdom,2010,emoji,britain;Â british;Â cornwall;Â england;Â flag;Â great britain;Â ireland;northern ireland;Â other;Â scotland;Â uk;Â union jack;Â united;Â united kingdom;Â wales
U+1F1EE U+1F1F9,ğŸ‡®ğŸ‡¹,flag for Italy,2010,emoji,flag;Â italy;Â other
U+1F1EF U+1F1F5,ğŸ‡¯ğŸ‡µ,flag for Japan,2010,emoji,flag;Â japan;Â other
U+1F1F0 U+1F1F7,ğŸ‡°ğŸ‡·,flag for South Korea,2010,emoji,flag;Â korea;Â other;Â south;Â south korea
U+1F1F7 U+1F1FA,ğŸ‡·ğŸ‡º,flag for Russia,2010,emoji,flag;Â other;Â russia
U+1F1FA U+1F1F8,ğŸ‡ºğŸ‡¸,flag for United States,2010,emoji,america;Â flag;Â other;Â stars and stripes;Â united;Â united states